--------------------------------------------------------
--  파일이 생성됨 - 화요일-7월-14-2020   
--------------------------------------------------------
--------------------------------------------------------
--  DDL for Table AREA_CODE
--------------------------------------------------------

  CREATE TABLE "TEAMPROJECT"."AREA_CODE" 
   (	"A_NAME" VARCHAR2(20 BYTE), 
	"A_CODE" VARCHAR2(3 BYTE)
   ) SEGMENT CREATION IMMEDIATE 
  PCTFREE 10 PCTUSED 40 INITRANS 1 MAXTRANS 255 NOCOMPRESS LOGGING
  STORAGE(INITIAL 65536 NEXT 1048576 MINEXTENTS 1 MAXEXTENTS 2147483645
  PCTINCREASE 0 FREELISTS 1 FREELIST GROUPS 1 BUFFER_POOL DEFAULT FLASH_CACHE DEFAULT CELL_FLASH_CACHE DEFAULT)
  TABLESPACE "SYSTEM" ;
--------------------------------------------------------
--  DDL for Table BRAND
--------------------------------------------------------

  CREATE TABLE "TEAMPROJECT"."BRAND" 
   (	"B_CODE" VARCHAR2(8 BYTE), 
	"B_NAME" VARCHAR2(30 BYTE), 
	"B_TEL" VARCHAR2(13 BYTE), 
	"B_WEBSITE" VARCHAR2(30 BYTE)
   ) SEGMENT CREATION IMMEDIATE 
  PCTFREE 10 PCTUSED 40 INITRANS 1 MAXTRANS 255 NOCOMPRESS LOGGING
  STORAGE(INITIAL 65536 NEXT 1048576 MINEXTENTS 1 MAXEXTENTS 2147483645
  PCTINCREASE 0 FREELISTS 1 FREELIST GROUPS 1 BUFFER_POOL DEFAULT FLASH_CACHE DEFAULT CELL_FLASH_CACHE DEFAULT)
  TABLESPACE "SYSTEM" ;
--------------------------------------------------------
--  DDL for Table CATEGORY
--------------------------------------------------------

  CREATE TABLE "TEAMPROJECT"."CATEGORY" 
   (	"C_CODE" VARCHAR2(4 BYTE), 
	"C_NAME" VARCHAR2(20 BYTE)
   ) SEGMENT CREATION IMMEDIATE 
  PCTFREE 10 PCTUSED 40 INITRANS 1 MAXTRANS 255 NOCOMPRESS LOGGING
  STORAGE(INITIAL 65536 NEXT 1048576 MINEXTENTS 1 MAXEXTENTS 2147483645
  PCTINCREASE 0 FREELISTS 1 FREELIST GROUPS 1 BUFFER_POOL DEFAULT FLASH_CACHE DEFAULT CELL_FLASH_CACHE DEFAULT)
  TABLESPACE "SYSTEM" ;
--------------------------------------------------------
--  DDL for Table CUSTOMER
--------------------------------------------------------

  CREATE TABLE "TEAMPROJECT"."CUSTOMER" 
   (	"ID" VARCHAR2(10 BYTE), 
	"PW" VARCHAR2(10 BYTE), 
	"NAME" VARCHAR2(10 BYTE), 
	"BIRTHDAY" DATE, 
	"SEX" VARCHAR2(1 BYTE), 
	"ADDRESS" VARCHAR2(50 BYTE), 
	"TEL" VARCHAR2(20 BYTE), 
	"POINT" NUMBER(6,0) DEFAULT 0, 
	"GRADE" VARCHAR2(12 BYTE) DEFAULT '브론즈'
   ) SEGMENT CREATION IMMEDIATE 
  PCTFREE 10 PCTUSED 40 INITRANS 1 MAXTRANS 255 NOCOMPRESS LOGGING
  STORAGE(INITIAL 65536 NEXT 1048576 MINEXTENTS 1 MAXEXTENTS 2147483645
  PCTINCREASE 0 FREELISTS 1 FREELIST GROUPS 1 BUFFER_POOL DEFAULT FLASH_CACHE DEFAULT CELL_FLASH_CACHE DEFAULT)
  TABLESPACE "SYSTEM" ;
--------------------------------------------------------
--  DDL for Table DELIVERY
--------------------------------------------------------

  CREATE TABLE "TEAMPROJECT"."DELIVERY" 
   (	"D_NAME" VARCHAR2(20 BYTE), 
	"D_TEL" VARCHAR2(15 BYTE), 
	"D_ADDRESS" VARCHAR2(50 BYTE), 
	"D_AREA" VARCHAR2(2 BYTE), 
	"D_FEE" NUMBER(4,0)
   ) SEGMENT CREATION IMMEDIATE 
  PCTFREE 10 PCTUSED 40 INITRANS 1 MAXTRANS 255 NOCOMPRESS LOGGING
  STORAGE(INITIAL 65536 NEXT 1048576 MINEXTENTS 1 MAXEXTENTS 2147483645
  PCTINCREASE 0 FREELISTS 1 FREELIST GROUPS 1 BUFFER_POOL DEFAULT FLASH_CACHE DEFAULT CELL_FLASH_CACHE DEFAULT)
  TABLESPACE "SYSTEM" ;
--------------------------------------------------------
--  DDL for Table GRADE
--------------------------------------------------------

  CREATE TABLE "TEAMPROJECT"."GRADE" 
   (	"GRADE" VARCHAR2(15 BYTE), 
	"MIN_POINT" NUMBER(6,0), 
	"MAX_POINT" NUMBER(6,0), 
	"DISCOUNT" NUMBER(4,2)
   ) SEGMENT CREATION IMMEDIATE 
  PCTFREE 10 PCTUSED 40 INITRANS 1 MAXTRANS 255 NOCOMPRESS LOGGING
  STORAGE(INITIAL 65536 NEXT 1048576 MINEXTENTS 1 MAXEXTENTS 2147483645
  PCTINCREASE 0 FREELISTS 1 FREELIST GROUPS 1 BUFFER_POOL DEFAULT FLASH_CACHE DEFAULT CELL_FLASH_CACHE DEFAULT)
  TABLESPACE "SYSTEM" ;
--------------------------------------------------------
--  DDL for Table INVEN
--------------------------------------------------------

  CREATE TABLE "TEAMPROJECT"."INVEN" 
   (	"IN_NO" NUMBER(6,0), 
	"IN_BRAND" VARCHAR2(30 BYTE), 
	"IN_PCODE" VARCHAR2(10 BYTE), 
	"IN_LOC" VARCHAR2(4 BYTE), 
	"IN_PRICE" NUMBER(5,0), 
	"IN_QTY" NUMBER(4,0), 
	"IN_DATE" DATE, 
	"OUT_DATE" DATE, 
	"STATE" VARCHAR2(12 BYTE) DEFAULT '입고'
   ) SEGMENT CREATION IMMEDIATE 
  PCTFREE 10 PCTUSED 40 INITRANS 1 MAXTRANS 255 NOCOMPRESS LOGGING
  STORAGE(INITIAL 65536 NEXT 1048576 MINEXTENTS 1 MAXEXTENTS 2147483645
  PCTINCREASE 0 FREELISTS 1 FREELIST GROUPS 1 BUFFER_POOL DEFAULT FLASH_CACHE DEFAULT CELL_FLASH_CACHE DEFAULT)
  TABLESPACE "SYSTEM" ;
--------------------------------------------------------
--  DDL for Table ORDER_DETAIL
--------------------------------------------------------

  CREATE TABLE "TEAMPROJECT"."ORDER_DETAIL" 
   (	"ORDER_DETAIL_ID" NUMBER(10,0), 
	"ORDER_NO" VARCHAR2(10 BYTE), 
	"P_NAME" VARCHAR2(150 BYTE), 
	"PRICE" NUMBER(6,0), 
	"ORDER_QTY" NUMBER(2,0), 
	"ORDER_SUBTOTAL" NUMBER(6,0)
   ) SEGMENT CREATION IMMEDIATE 
  PCTFREE 10 PCTUSED 40 INITRANS 1 MAXTRANS 255 NOCOMPRESS LOGGING
  STORAGE(INITIAL 65536 NEXT 1048576 MINEXTENTS 1 MAXEXTENTS 2147483645
  PCTINCREASE 0 FREELISTS 1 FREELIST GROUPS 1 BUFFER_POOL DEFAULT FLASH_CACHE DEFAULT CELL_FLASH_CACHE DEFAULT)
  TABLESPACE "SYSTEM" ;
--------------------------------------------------------
--  DDL for Table ORDERLIST
--------------------------------------------------------

  CREATE TABLE "TEAMPROJECT"."ORDERLIST" 
   (	"ORDER_NO" VARCHAR2(10 BYTE), 
	"ID" VARCHAR2(10 BYTE), 
	"ORDER_DATE" DATE, 
	"ORDER_TOTAL" NUMBER(7,0), 
	"PAYMENT" VARCHAR2(20 BYTE), 
	"D_NAME" VARCHAR2(20 BYTE)
   ) SEGMENT CREATION IMMEDIATE 
  PCTFREE 10 PCTUSED 40 INITRANS 1 MAXTRANS 255 NOCOMPRESS LOGGING
  STORAGE(INITIAL 65536 NEXT 1048576 MINEXTENTS 1 MAXEXTENTS 2147483645
  PCTINCREASE 0 FREELISTS 1 FREELIST GROUPS 1 BUFFER_POOL DEFAULT FLASH_CACHE DEFAULT CELL_FLASH_CACHE DEFAULT)
  TABLESPACE "SYSTEM" ;
--------------------------------------------------------
--  DDL for Table PRODUCT
--------------------------------------------------------

  CREATE TABLE "TEAMPROJECT"."PRODUCT" 
   (	"P_CODE" VARCHAR2(10 BYTE), 
	"P_NAME" VARCHAR2(150 BYTE), 
	"B_CODE" VARCHAR2(26 BYTE), 
	"C_CODE" VARCHAR2(26 BYTE), 
	"PRICE" NUMBER(6,0)
   ) SEGMENT CREATION IMMEDIATE 
  PCTFREE 10 PCTUSED 40 INITRANS 1 MAXTRANS 255 NOCOMPRESS LOGGING
  STORAGE(INITIAL 65536 NEXT 1048576 MINEXTENTS 1 MAXEXTENTS 2147483645
  PCTINCREASE 0 FREELISTS 1 FREELIST GROUPS 1 BUFFER_POOL DEFAULT FLASH_CACHE DEFAULT CELL_FLASH_CACHE DEFAULT)
  TABLESPACE "SYSTEM" ;
REM INSERTING into TEAMPROJECT.AREA_CODE
SET DEFINE OFF;
Insert into TEAMPROJECT.AREA_CODE (A_NAME,A_CODE) values ('서울특별시','02');
Insert into TEAMPROJECT.AREA_CODE (A_NAME,A_CODE) values ('인천광역시','02');
Insert into TEAMPROJECT.AREA_CODE (A_NAME,A_CODE) values ('경기도','02');
Insert into TEAMPROJECT.AREA_CODE (A_NAME,A_CODE) values ('강원도','03');
Insert into TEAMPROJECT.AREA_CODE (A_NAME,A_CODE) values ('대전광역시','04');
Insert into TEAMPROJECT.AREA_CODE (A_NAME,A_CODE) values ('충청남도','04');
Insert into TEAMPROJECT.AREA_CODE (A_NAME,A_CODE) values ('충청북도','04');
Insert into TEAMPROJECT.AREA_CODE (A_NAME,A_CODE) values ('부산광역시','05');
Insert into TEAMPROJECT.AREA_CODE (A_NAME,A_CODE) values ('경상남도','05');
Insert into TEAMPROJECT.AREA_CODE (A_NAME,A_CODE) values ('대구광역시','05');
Insert into TEAMPROJECT.AREA_CODE (A_NAME,A_CODE) values ('경상북도','05');
Insert into TEAMPROJECT.AREA_CODE (A_NAME,A_CODE) values ('광주광역시','06');
Insert into TEAMPROJECT.AREA_CODE (A_NAME,A_CODE) values ('전라남도','06');
Insert into TEAMPROJECT.AREA_CODE (A_NAME,A_CODE) values ('전라북도','06');
Insert into TEAMPROJECT.AREA_CODE (A_NAME,A_CODE) values ('제주시','06');
REM INSERTING into TEAMPROJECT.BRAND
SET DEFINE OFF;
Insert into TEAMPROJECT.BRAND (B_CODE,B_NAME,B_TEL,B_WEBSITE) values ('MM001988','메종마르지엘라','02-3442-3996','www.matchesfashion.com/');
Insert into TEAMPROJECT.BRAND (B_CODE,B_NAME,B_TEL,B_WEBSITE) values ('GG001921','구찌','02-6425-7758','www.gucci.com/');
Insert into TEAMPROJECT.BRAND (B_CODE,B_NAME,B_TEL,B_WEBSITE) values ('CM001994','커스텀멜로우','02-1588-7667','www.customellow.com');
Insert into TEAMPROJECT.BRAND (B_CODE,B_NAME,B_TEL,B_WEBSITE) values ('LV001854','루이비통','02-3432-1854','kr.louisvuitton.com/');
Insert into TEAMPROJECT.BRAND (B_CODE,B_NAME,B_TEL,B_WEBSITE) values ('DO001946','디올','02-3480-0104','www.dior.com/');
Insert into TEAMPROJECT.BRAND (B_CODE,B_NAME,B_TEL,B_WEBSITE) values ('BA001919','발렌시아가','02-3479-1697','www.balenciaga.com');
Insert into TEAMPROJECT.BRAND (B_CODE,B_NAME,B_TEL,B_WEBSITE) values ('VA001896','반클리프앤아펠','02-1668-1906','www.vancleefarpels.com');
Insert into TEAMPROJECT.BRAND (B_CODE,B_NAME,B_TEL,B_WEBSITE) values ('PR001913','프라다','02-3442-1830','www.prada.com');
Insert into TEAMPROJECT.BRAND (B_CODE,B_NAME,B_TEL,B_WEBSITE) values ('CE001945','셀린느','02-3213-2298','www.celine.com');
Insert into TEAMPROJECT.BRAND (B_CODE,B_NAME,B_TEL,B_WEBSITE) values ('HB001924','휴고보스','02-3213-2411','www.hugoboss.com');
Insert into TEAMPROJECT.BRAND (B_CODE,B_NAME,B_TEL,B_WEBSITE) values ('ST001982','스톤아일랜드','02-6905-3752','www.stoneisland.com');
Insert into TEAMPROJECT.BRAND (B_CODE,B_NAME,B_TEL,B_WEBSITE) values ('BB001856','버버리','02-531-2174','kr.burberry.com');
Insert into TEAMPROJECT.BRAND (B_CODE,B_NAME,B_TEL,B_WEBSITE) values ('DS001894','닥스','02-2143-7676','www.daks.co.kr');
Insert into TEAMPROJECT.BRAND (B_CODE,B_NAME,B_TEL,B_WEBSITE) values ('YS001961','입생로랑','02-3479-6069','www.ysl.com');
Insert into TEAMPROJECT.BRAND (B_CODE,B_NAME,B_TEL,B_WEBSITE) values ('BV001884','불가리','02-3444-1123','www.bulgari.com');
Insert into TEAMPROJECT.BRAND (B_CODE,B_NAME,B_TEL,B_WEBSITE) values ('BO001966','보테가베네타','02-2515-2717','www.bottegaveneta.com');
Insert into TEAMPROJECT.BRAND (B_CODE,B_NAME,B_TEL,B_WEBSITE) values ('MB001909','몽블랑','02-3479-1288','www.montblanc.com');
Insert into TEAMPROJECT.BRAND (B_CODE,B_NAME,B_TEL,B_WEBSITE) values ('RO001905','롤렉스','02-567-8195','www.rolex.com');
Insert into TEAMPROJECT.BRAND (B_CODE,B_NAME,B_TEL,B_WEBSITE) values ('SW001895','스와로브스키','02-2069-0561','www.swarovski.com');
Insert into TEAMPROJECT.BRAND (B_CODE,B_NAME,B_TEL,B_WEBSITE) values ('HE001837','에르메스','02-542-6622','www.hermes.com');
REM INSERTING into TEAMPROJECT.CATEGORY
SET DEFINE OFF;
Insert into TEAMPROJECT.CATEGORY (C_CODE,C_NAME) values ('TO','상의');
Insert into TEAMPROJECT.CATEGORY (C_CODE,C_NAME) values ('BO','하의');
Insert into TEAMPROJECT.CATEGORY (C_CODE,C_NAME) values ('HA','모자');
Insert into TEAMPROJECT.CATEGORY (C_CODE,C_NAME) values ('SH','신발');
Insert into TEAMPROJECT.CATEGORY (C_CODE,C_NAME) values ('AC','악세사리');
Insert into TEAMPROJECT.CATEGORY (C_CODE,C_NAME) values ('BA','가방');
Insert into TEAMPROJECT.CATEGORY (C_CODE,C_NAME) values ('OU','아우터');
REM INSERTING into TEAMPROJECT.CUSTOMER
SET DEFINE OFF;
Insert into TEAMPROJECT.CUSTOMER (ID,PW,NAME,BIRTHDAY,SEX,ADDRESS,TEL,POINT,GRADE) values ('sist01','9363','이정민',to_date('96/04/19','RR/MM/DD'),'M','경상북도 경산시','010-5890-8165',5756,'VIP');
Insert into TEAMPROJECT.CUSTOMER (ID,PW,NAME,BIRTHDAY,SEX,ADDRESS,TEL,POINT,GRADE) values ('sist02','8502','이민아',to_date('00/02/07','RR/MM/DD'),'F','대구광역시 수성구','010-5880-0836',3448,'플래티넘');
Insert into TEAMPROJECT.CUSTOMER (ID,PW,NAME,BIRTHDAY,SEX,ADDRESS,TEL,POINT,GRADE) values ('sist03','9029','박상일',to_date('94/12/12','RR/MM/DD'),'M','강원도 춘천시','010-5869-3507',1479,'골드');
Insert into TEAMPROJECT.CUSTOMER (ID,PW,NAME,BIRTHDAY,SEX,ADDRESS,TEL,POINT,GRADE) values ('sist04','7366','김현재',to_date('93/04/23','RR/MM/DD'),'M','충청북도 제천시','010-5858-6178',2181,'플래티넘');
Insert into TEAMPROJECT.CUSTOMER (ID,PW,NAME,BIRTHDAY,SEX,ADDRESS,TEL,POINT,GRADE) values ('sist05','1382','박하람',to_date('94/05/11','RR/MM/DD'),'M','강원도 강릉시','010-5847-8849',465,'실버');
Insert into TEAMPROJECT.CUSTOMER (ID,PW,NAME,BIRTHDAY,SEX,ADDRESS,TEL,POINT,GRADE) values ('sist06','4338','정민호',to_date('80/02/02','RR/MM/DD'),'M','대구광역시 수성구','010-5837-1520',20,'브론즈');
Insert into TEAMPROJECT.CUSTOMER (ID,PW,NAME,BIRTHDAY,SEX,ADDRESS,TEL,POINT,GRADE) values ('sist07','1389','김지유',to_date('85/05/13','RR/MM/DD'),'F','인천광역시 연수구','010-5826-4191',1280,'골드');
Insert into TEAMPROJECT.CUSTOMER (ID,PW,NAME,BIRTHDAY,SEX,ADDRESS,TEL,POINT,GRADE) values ('sist08','2927','박나영',to_date('89/01/01','RR/MM/DD'),'F','서울특별시 용산구','010-5815-6862',200,'실버');
Insert into TEAMPROJECT.CUSTOMER (ID,PW,NAME,BIRTHDAY,SEX,ADDRESS,TEL,POINT,GRADE) values ('sist09','8052','이은솜',to_date('94/05/05','RR/MM/DD'),'F','충청북도 청주시','010-5804-9533',1728,'골드');
Insert into TEAMPROJECT.CUSTOMER (ID,PW,NAME,BIRTHDAY,SEX,ADDRESS,TEL,POINT,GRADE) values ('sist10','5510','윤가연',to_date('72/06/20','RR/MM/DD'),'F','경상북도 경산시','010-5794-2204',1018,'골드');
Insert into TEAMPROJECT.CUSTOMER (ID,PW,NAME,BIRTHDAY,SEX,ADDRESS,TEL,POINT,GRADE) values ('sist11','2880','강운기',to_date('80/10/12','RR/MM/DD'),'M','대전광역시 유성구','010-5783-4875',2507,'플래티넘');
Insert into TEAMPROJECT.CUSTOMER (ID,PW,NAME,BIRTHDAY,SEX,ADDRESS,TEL,POINT,GRADE) values ('sist12','4933','이찬',to_date('75/08/26','RR/MM/DD'),'M','경상남도 김해시','010-5772-7546',0,'브론즈');
Insert into TEAMPROJECT.CUSTOMER (ID,PW,NAME,BIRTHDAY,SEX,ADDRESS,TEL,POINT,GRADE) values ('sist13','4746','문행빈',to_date('79/06/14','RR/MM/DD'),'M','인천광역시 연수구','010-5762-0217',250,'실버');
Insert into TEAMPROJECT.CUSTOMER (ID,PW,NAME,BIRTHDAY,SEX,ADDRESS,TEL,POINT,GRADE) values ('sist14','7880','방진혁',to_date('77/04/11','RR/MM/DD'),'M','강원도 춘천시','010-5751-2888',2199,'플래티넘');
Insert into TEAMPROJECT.CUSTOMER (ID,PW,NAME,BIRTHDAY,SEX,ADDRESS,TEL,POINT,GRADE) values ('sist15','4342','이준혁',to_date('97/10/16','RR/MM/DD'),'M','충청북도 청주시','010-5740-5559',1709,'골드');
Insert into TEAMPROJECT.CUSTOMER (ID,PW,NAME,BIRTHDAY,SEX,ADDRESS,TEL,POINT,GRADE) values ('sist16','8475','최규성',to_date('79/11/26','RR/MM/DD'),'M','인천광역시 부평구','010-5729-8230',5400,'VIP');
Insert into TEAMPROJECT.CUSTOMER (ID,PW,NAME,BIRTHDAY,SEX,ADDRESS,TEL,POINT,GRADE) values ('sist17','6555','이근학',to_date('94/09/28','RR/MM/DD'),'M','광주광역시 광산구','010-5719-0901',100,'브론즈');
Insert into TEAMPROJECT.CUSTOMER (ID,PW,NAME,BIRTHDAY,SEX,ADDRESS,TEL,POINT,GRADE) values ('sist18','4554','김영완',to_date('71/02/07','RR/MM/DD'),'M','충청남도 논산시','010-5708-3572',1330,'골드');
Insert into TEAMPROJECT.CUSTOMER (ID,PW,NAME,BIRTHDAY,SEX,ADDRESS,TEL,POINT,GRADE) values ('sist19','5518','김나경',to_date('93/11/28','RR/MM/DD'),'F','부산광역시 해운대구','010-5697-6243',1366,'골드');
Insert into TEAMPROJECT.CUSTOMER (ID,PW,NAME,BIRTHDAY,SEX,ADDRESS,TEL,POINT,GRADE) values ('sist20','3135','박성민',to_date('95/07/26','RR/MM/DD'),'M','강원도 강릉시','010-5686-8914',1591,'골드');
Insert into TEAMPROJECT.CUSTOMER (ID,PW,NAME,BIRTHDAY,SEX,ADDRESS,TEL,POINT,GRADE) values ('sist21','6195','양현모',to_date('98/08/13','RR/MM/DD'),'M','경기도 수원시','010-5676-1585',99,'브론즈');
Insert into TEAMPROJECT.CUSTOMER (ID,PW,NAME,BIRTHDAY,SEX,ADDRESS,TEL,POINT,GRADE) values ('sist22','9675','전수민',to_date('73/01/17','RR/MM/DD'),'F','광주광역시 광산구','010-5665-4256',398,'실버');
Insert into TEAMPROJECT.CUSTOMER (ID,PW,NAME,BIRTHDAY,SEX,ADDRESS,TEL,POINT,GRADE) values ('sist23','4083','신용진',to_date('83/07/07','RR/MM/DD'),'M','충청북도 제천시','010-5654-6927',614,'골드');
Insert into TEAMPROJECT.CUSTOMER (ID,PW,NAME,BIRTHDAY,SEX,ADDRESS,TEL,POINT,GRADE) values ('sist24','7049','김다솜',to_date('85/07/14','RR/MM/DD'),'F','대전광역시 서구','010-5643-9598',150,'실버');
Insert into TEAMPROJECT.CUSTOMER (ID,PW,NAME,BIRTHDAY,SEX,ADDRESS,TEL,POINT,GRADE) values ('sist25','8008','양우진',to_date('95/10/23','RR/MM/DD'),'M','경상남도 김해시','010-5633-2269',4016,'플래티넘');
Insert into TEAMPROJECT.CUSTOMER (ID,PW,NAME,BIRTHDAY,SEX,ADDRESS,TEL,POINT,GRADE) values ('sist26','2592','박철현',to_date('75/08/24','RR/MM/DD'),'M','제주시 애월읍','010-5622-4940',1249,'골드');
Insert into TEAMPROJECT.CUSTOMER (ID,PW,NAME,BIRTHDAY,SEX,ADDRESS,TEL,POINT,GRADE) values ('sist27','6387','이상욱',to_date('00/10/27','RR/MM/DD'),'M','경기도 가평시','010-5611-7611',3492,'플래티넘');
Insert into TEAMPROJECT.CUSTOMER (ID,PW,NAME,BIRTHDAY,SEX,ADDRESS,TEL,POINT,GRADE) values ('sist28','9905','신인철',to_date('85/10/18','RR/MM/DD'),'M','충청남도 천안시','010-5601-0282',240,'실버');
Insert into TEAMPROJECT.CUSTOMER (ID,PW,NAME,BIRTHDAY,SEX,ADDRESS,TEL,POINT,GRADE) values ('sist29','7486','김윤민',to_date('97/01/14','RR/MM/DD'),'F','경기도 성남시','010-5590-2953',3845,'플래티넘');
Insert into TEAMPROJECT.CUSTOMER (ID,PW,NAME,BIRTHDAY,SEX,ADDRESS,TEL,POINT,GRADE) values ('sist30','8250','김명선',to_date('99/03/04','RR/MM/DD'),'F','경상남도 울산시','010-5579-5624',800,'골드');
Insert into TEAMPROJECT.CUSTOMER (ID,PW,NAME,BIRTHDAY,SEX,ADDRESS,TEL,POINT,GRADE) values ('sist31','6727','박승곤',to_date('85/12/03','RR/MM/DD'),'M','광주광역시 동구','010-5568-8295',55,'브론즈');
Insert into TEAMPROJECT.CUSTOMER (ID,PW,NAME,BIRTHDAY,SEX,ADDRESS,TEL,POINT,GRADE) values ('sist32','8619','송도권',to_date('73/12/24','RR/MM/DD'),'M','대구광역시 달서구','010-5558-0966',5258,'VIP');
Insert into TEAMPROJECT.CUSTOMER (ID,PW,NAME,BIRTHDAY,SEX,ADDRESS,TEL,POINT,GRADE) values ('sist33','5607','양선희',to_date('96/12/13','RR/MM/DD'),'M','충청북도 제천시','010-5547-3637',445,'실버');
Insert into TEAMPROJECT.CUSTOMER (ID,PW,NAME,BIRTHDAY,SEX,ADDRESS,TEL,POINT,GRADE) values ('sist34','4871','김영조',to_date('74/07/16','RR/MM/DD'),'F','제주시 성산읍','010-5536-6308',1208,'골드');
Insert into TEAMPROJECT.CUSTOMER (ID,PW,NAME,BIRTHDAY,SEX,ADDRESS,TEL,POINT,GRADE) values ('sist35','6095','주승재',to_date('74/05/03','RR/MM/DD'),'F','경상남도 울산시','010-5525-8979',3777,'플래티넘');
Insert into TEAMPROJECT.CUSTOMER (ID,PW,NAME,BIRTHDAY,SEX,ADDRESS,TEL,POINT,GRADE) values ('sist36','8567','김도형',to_date('86/01/21','RR/MM/DD'),'M','대전광역시 서구','010-5515-1650',45,'브론즈');
Insert into TEAMPROJECT.CUSTOMER (ID,PW,NAME,BIRTHDAY,SEX,ADDRESS,TEL,POINT,GRADE) values ('sist37','4881','나한열',to_date('94/01/29','RR/MM/DD'),'F','서울특별시 용산구','010-5504-4321',5684,'VIP');
Insert into TEAMPROJECT.CUSTOMER (ID,PW,NAME,BIRTHDAY,SEX,ADDRESS,TEL,POINT,GRADE) values ('sist38','2197','김현정',to_date('84/12/21','RR/MM/DD'),'F','제주시 성산읍','010-5493-6992',555,'골드');
Insert into TEAMPROJECT.CUSTOMER (ID,PW,NAME,BIRTHDAY,SEX,ADDRESS,TEL,POINT,GRADE) values ('sist39','4720','심슨',to_date('85/12/03','RR/MM/DD'),'M','서울특별시 강남구','010-5482-9663',67,'브론즈');
Insert into TEAMPROJECT.CUSTOMER (ID,PW,NAME,BIRTHDAY,SEX,ADDRESS,TEL,POINT,GRADE) values ('sist40','4835','최슬기',to_date('73/12/24','RR/MM/DD'),'F','부산광역시 해운대구','010-5472-2334',5587,'VIP');
Insert into TEAMPROJECT.CUSTOMER (ID,PW,NAME,BIRTHDAY,SEX,ADDRESS,TEL,POINT,GRADE) values ('sist41','3427','박원범',to_date('96/12/13','RR/MM/DD'),'F','서울특별시 강남구','010-5461-5005',174,'실버');
Insert into TEAMPROJECT.CUSTOMER (ID,PW,NAME,BIRTHDAY,SEX,ADDRESS,TEL,POINT,GRADE) values ('sist42','5862','차범철',to_date('74/07/16','RR/MM/DD'),'F','전라북도 전주시','010-5450-7676',5704,'VIP');
Insert into TEAMPROJECT.CUSTOMER (ID,PW,NAME,BIRTHDAY,SEX,ADDRESS,TEL,POINT,GRADE) values ('sist43','9393','바비',to_date('74/05/03','RR/MM/DD'),'M','전라남도 임실시 ','010-5440-0347',5764,'VIP');
Insert into TEAMPROJECT.CUSTOMER (ID,PW,NAME,BIRTHDAY,SEX,ADDRESS,TEL,POINT,GRADE) values ('sist44','3108','전민',to_date('86/01/21','RR/MM/DD'),'F','부산광역시 금정구','010-5429-3018',760,'골드');
Insert into TEAMPROJECT.CUSTOMER (ID,PW,NAME,BIRTHDAY,SEX,ADDRESS,TEL,POINT,GRADE) values ('sist45','5565','허은',to_date('94/01/29','RR/MM/DD'),'M','광주광역시 광산구','010-5418-5689',4432,'플래티넘');
Insert into TEAMPROJECT.CUSTOMER (ID,PW,NAME,BIRTHDAY,SEX,ADDRESS,TEL,POINT,GRADE) values ('sist46','6705','김설희',to_date('84/12/21','RR/MM/DD'),'M','경기도 성남시','010-5407-8360',70,'브론즈');
Insert into TEAMPROJECT.CUSTOMER (ID,PW,NAME,BIRTHDAY,SEX,ADDRESS,TEL,POINT,GRADE) values ('sist47','5541','로제',to_date('96/12/11','RR/MM/DD'),'M','서울특별시 광진구','010-5397-1031',312,'실버');
Insert into TEAMPROJECT.CUSTOMER (ID,PW,NAME,BIRTHDAY,SEX,ADDRESS,TEL,POINT,GRADE) values ('sist48','7513','제니',to_date('82/04/08','RR/MM/DD'),'F','경상북도 구미시','010-5386-3702',2484,'플래티넘');
Insert into TEAMPROJECT.CUSTOMER (ID,PW,NAME,BIRTHDAY,SEX,ADDRESS,TEL,POINT,GRADE) values ('sist49','2419','지수',to_date('86/07/17','RR/MM/DD'),'F','서울특별시 광진구','010-5375-6373',801,'골드');
Insert into TEAMPROJECT.CUSTOMER (ID,PW,NAME,BIRTHDAY,SEX,ADDRESS,TEL,POINT,GRADE) values ('sist50','6190','리사',to_date('98/06/17','RR/MM/DD'),'F','광주광역시 광산구','010-5364-9044',144,'실버');
REM INSERTING into TEAMPROJECT.DELIVERY
SET DEFINE OFF;
Insert into TEAMPROJECT.DELIVERY (D_NAME,D_TEL,D_ADDRESS,D_AREA,D_FEE) values ('우체국택배','02-565-0113','서울특별시 중구','02',3);
Insert into TEAMPROJECT.DELIVERY (D_NAME,D_TEL,D_ADDRESS,D_AREA,D_FEE) values ('CJ대한통운','031-227-4435','강원도 춘천시 ','03',2);
Insert into TEAMPROJECT.DELIVERY (D_NAME,D_TEL,D_ADDRESS,D_AREA,D_FEE) values ('로젠택배','042-345-9982','대전광역시 서구','04',3);
Insert into TEAMPROJECT.DELIVERY (D_NAME,D_TEL,D_ADDRESS,D_AREA,D_FEE) values ('한진택배','051-713-0885','부산광역시 연제구','05',5);
Insert into TEAMPROJECT.DELIVERY (D_NAME,D_TEL,D_ADDRESS,D_AREA,D_FEE) values ('현대택배','062-581-3555','광주광역시 서구','06',4);
REM INSERTING into TEAMPROJECT.GRADE
SET DEFINE OFF;
Insert into TEAMPROJECT.GRADE (GRADE,MIN_POINT,MAX_POINT,DISCOUNT) values ('브론즈',0,100,0);
Insert into TEAMPROJECT.GRADE (GRADE,MIN_POINT,MAX_POINT,DISCOUNT) values ('실버',101,500,0.01);
Insert into TEAMPROJECT.GRADE (GRADE,MIN_POINT,MAX_POINT,DISCOUNT) values ('골드',501,2000,0.02);
Insert into TEAMPROJECT.GRADE (GRADE,MIN_POINT,MAX_POINT,DISCOUNT) values ('플래티넘',2001,5000,0.03);
Insert into TEAMPROJECT.GRADE (GRADE,MIN_POINT,MAX_POINT,DISCOUNT) values ('VIP',5001,null,0.05);
REM INSERTING into TEAMPROJECT.INVEN
SET DEFINE OFF;
Insert into TEAMPROJECT.INVEN (IN_NO,IN_BRAND,IN_PCODE,IN_LOC,IN_PRICE,IN_QTY,IN_DATE,OUT_DATE,STATE) values (1001,'몽블랑','MBBA001','A-01',612,8,to_date('20/03/21','RR/MM/DD'),to_date('20/04/05','RR/MM/DD'),'출고완료');
Insert into TEAMPROJECT.INVEN (IN_NO,IN_BRAND,IN_PCODE,IN_LOC,IN_PRICE,IN_QTY,IN_DATE,OUT_DATE,STATE) values (1002,'닥스','DSBA001','A-01',603,5,to_date('19/05/14','RR/MM/DD'),to_date('19/06/23','RR/MM/DD'),'출고완료');
Insert into TEAMPROJECT.INVEN (IN_NO,IN_BRAND,IN_PCODE,IN_LOC,IN_PRICE,IN_QTY,IN_DATE,OUT_DATE,STATE) values (1003,'입생로랑','YSSH001','A-02',949,1,to_date('19/09/28','RR/MM/DD'),to_date('19/10/06','RR/MM/DD'),'출고완료');
Insert into TEAMPROJECT.INVEN (IN_NO,IN_BRAND,IN_PCODE,IN_LOC,IN_PRICE,IN_QTY,IN_DATE,OUT_DATE,STATE) values (1004,'스톤아일랜드','STOU001','A-03',903,10,to_date('19/05/22','RR/MM/DD'),null,'입고');
Insert into TEAMPROJECT.INVEN (IN_NO,IN_BRAND,IN_PCODE,IN_LOC,IN_PRICE,IN_QTY,IN_DATE,OUT_DATE,STATE) values (1005,'디올','DOBA001','B-01',873,2,to_date('19/04/20','RR/MM/DD'),null,'입고');
Insert into TEAMPROJECT.INVEN (IN_NO,IN_BRAND,IN_PCODE,IN_LOC,IN_PRICE,IN_QTY,IN_DATE,OUT_DATE,STATE) values (1006,'에르메스','HEBA002','B-02',53,2,to_date('20/06/01','RR/MM/DD'),to_date('20/07/20','RR/MM/DD'),'출고예정');
Insert into TEAMPROJECT.INVEN (IN_NO,IN_BRAND,IN_PCODE,IN_LOC,IN_PRICE,IN_QTY,IN_DATE,OUT_DATE,STATE) values (1007,'루이비통','LVBA002','B-03',436,1,to_date('19/02/28','RR/MM/DD'),to_date('19/03/09','RR/MM/DD'),'출고완료');
Insert into TEAMPROJECT.INVEN (IN_NO,IN_BRAND,IN_PCODE,IN_LOC,IN_PRICE,IN_QTY,IN_DATE,OUT_DATE,STATE) values (1008,'발렌시아가','BABO001','C-01',206,6,to_date('19/02/14','RR/MM/DD'),null,'입고');
Insert into TEAMPROJECT.INVEN (IN_NO,IN_BRAND,IN_PCODE,IN_LOC,IN_PRICE,IN_QTY,IN_DATE,OUT_DATE,STATE) values (1009,'몽블랑','MBBA002','C-02',488,7,to_date('19/04/01','RR/MM/DD'),to_date('19/04/04','RR/MM/DD'),'출고완료');
Insert into TEAMPROJECT.INVEN (IN_NO,IN_BRAND,IN_PCODE,IN_LOC,IN_PRICE,IN_QTY,IN_DATE,OUT_DATE,STATE) values (1010,'셀린느','CESH001','C-03',446,3,to_date('20/05/10','RR/MM/DD'),to_date('20/06/17','RR/MM/DD'),'출고완료');
Insert into TEAMPROJECT.INVEN (IN_NO,IN_BRAND,IN_PCODE,IN_LOC,IN_PRICE,IN_QTY,IN_DATE,OUT_DATE,STATE) values (1011,'커스텀멜로우','CMTO001','C-01',756,6,to_date('19/08/15','RR/MM/DD'),to_date('20/09/05','RR/MM/DD'),'출고예정');
Insert into TEAMPROJECT.INVEN (IN_NO,IN_BRAND,IN_PCODE,IN_LOC,IN_PRICE,IN_QTY,IN_DATE,OUT_DATE,STATE) values (1012,'프라다','PRBA002','C-02',801,9,to_date('19/01/12','RR/MM/DD'),to_date('19/01/14','RR/MM/DD'),'출고완료');
Insert into TEAMPROJECT.INVEN (IN_NO,IN_BRAND,IN_PCODE,IN_LOC,IN_PRICE,IN_QTY,IN_DATE,OUT_DATE,STATE) values (1013,'구찌','GGHA001','B-02',162,8,to_date('20/04/18','RR/MM/DD'),to_date('20/05/17','RR/MM/DD'),'출고완료');
Insert into TEAMPROJECT.INVEN (IN_NO,IN_BRAND,IN_PCODE,IN_LOC,IN_PRICE,IN_QTY,IN_DATE,OUT_DATE,STATE) values (1014,'디올','DOBO001','B-03',371,3,to_date('19/10/29','RR/MM/DD'),to_date('20/07/30','RR/MM/DD'),'출고예정');
Insert into TEAMPROJECT.INVEN (IN_NO,IN_BRAND,IN_PCODE,IN_LOC,IN_PRICE,IN_QTY,IN_DATE,OUT_DATE,STATE) values (1015,'불가리','BVAC001','B-01',407,7,to_date('19/07/21','RR/MM/DD'),to_date('19/09/10','RR/MM/DD'),'출고완료');
Insert into TEAMPROJECT.INVEN (IN_NO,IN_BRAND,IN_PCODE,IN_LOC,IN_PRICE,IN_QTY,IN_DATE,OUT_DATE,STATE) values (1016,'커스텀멜로우','CMOU002','C-01',734,1,to_date('19/10/21','RR/MM/DD'),null,'입고');
Insert into TEAMPROJECT.INVEN (IN_NO,IN_BRAND,IN_PCODE,IN_LOC,IN_PRICE,IN_QTY,IN_DATE,OUT_DATE,STATE) values (1017,'프라다','PRSH001','C-03',817,4,to_date('19/06/06','RR/MM/DD'),to_date('19/07/05','RR/MM/DD'),'출고완료');
Insert into TEAMPROJECT.INVEN (IN_NO,IN_BRAND,IN_PCODE,IN_LOC,IN_PRICE,IN_QTY,IN_DATE,OUT_DATE,STATE) values (1018,'에르메스','HEBO001','C-02',672,4,to_date('20/01/27','RR/MM/DD'),to_date('20/02/03','RR/MM/DD'),'출고완료');
Insert into TEAMPROJECT.INVEN (IN_NO,IN_BRAND,IN_PCODE,IN_LOC,IN_PRICE,IN_QTY,IN_DATE,OUT_DATE,STATE) values (1019,'입생로랑','YSTO001','B-02',53,9,to_date('19/08/28','RR/MM/DD'),null,'입고');
Insert into TEAMPROJECT.INVEN (IN_NO,IN_BRAND,IN_PCODE,IN_LOC,IN_PRICE,IN_QTY,IN_DATE,OUT_DATE,STATE) values (1020,'버버리','BBAC001','B-03',664,5,to_date('19/01/14','RR/MM/DD'),to_date('19/02/05','RR/MM/DD'),'출고완료');
Insert into TEAMPROJECT.INVEN (IN_NO,IN_BRAND,IN_PCODE,IN_LOC,IN_PRICE,IN_QTY,IN_DATE,OUT_DATE,STATE) values (1021,'스톤아일랜드','STOU002','C-01',573,1,to_date('20/04/26','RR/MM/DD'),to_date('20/08/28','RR/MM/DD'),'출고예정');
Insert into TEAMPROJECT.INVEN (IN_NO,IN_BRAND,IN_PCODE,IN_LOC,IN_PRICE,IN_QTY,IN_DATE,OUT_DATE,STATE) values (1022,'구찌','GGOU001','A-02',241,10,to_date('19/05/06','RR/MM/DD'),to_date('19/06/04','RR/MM/DD'),'출고완료');
Insert into TEAMPROJECT.INVEN (IN_NO,IN_BRAND,IN_PCODE,IN_LOC,IN_PRICE,IN_QTY,IN_DATE,OUT_DATE,STATE) values (1023,'구찌','GGBO001','C-01',247,9,to_date('19/05/19','RR/MM/DD'),null,'입고');
Insert into TEAMPROJECT.INVEN (IN_NO,IN_BRAND,IN_PCODE,IN_LOC,IN_PRICE,IN_QTY,IN_DATE,OUT_DATE,STATE) values (1024,'휴고보스','HBSH001','C-02',195,7,to_date('19/07/16','RR/MM/DD'),to_date('19/08/01','RR/MM/DD'),'출고완료');
Insert into TEAMPROJECT.INVEN (IN_NO,IN_BRAND,IN_PCODE,IN_LOC,IN_PRICE,IN_QTY,IN_DATE,OUT_DATE,STATE) values (1025,'메종마르지엘라','MBBA003','A-02',718,8,to_date('19/11/16','RR/MM/DD'),to_date('19/12/10','RR/MM/DD'),'출고완료');
Insert into TEAMPROJECT.INVEN (IN_NO,IN_BRAND,IN_PCODE,IN_LOC,IN_PRICE,IN_QTY,IN_DATE,OUT_DATE,STATE) values (1026,'스와로브스키','SWAC002','C-03',353,2,to_date('19/02/03','RR/MM/DD'),null,'입고');
Insert into TEAMPROJECT.INVEN (IN_NO,IN_BRAND,IN_PCODE,IN_LOC,IN_PRICE,IN_QTY,IN_DATE,OUT_DATE,STATE) values (1027,'입생로랑','YSBA001','A-01',950,6,to_date('19/07/07','RR/MM/DD'),to_date('19/07/12','RR/MM/DD'),'출고완료');
Insert into TEAMPROJECT.INVEN (IN_NO,IN_BRAND,IN_PCODE,IN_LOC,IN_PRICE,IN_QTY,IN_DATE,OUT_DATE,STATE) values (1028,'보테가베네타','BOBO001','B-02',200,2,to_date('19/12/04','RR/MM/DD'),to_date('19/12/16','RR/MM/DD'),'출고완료');
Insert into TEAMPROJECT.INVEN (IN_NO,IN_BRAND,IN_PCODE,IN_LOC,IN_PRICE,IN_QTY,IN_DATE,OUT_DATE,STATE) values (1029,'커스텀멜로우','CMBO001','A-02',335,5,to_date('19/06/17','RR/MM/DD'),to_date('19/08/08','RR/MM/DD'),'출고예정');
Insert into TEAMPROJECT.INVEN (IN_NO,IN_BRAND,IN_PCODE,IN_LOC,IN_PRICE,IN_QTY,IN_DATE,OUT_DATE,STATE) values (1030,'구찌','GGBA001','B-03',789,8,to_date('19/06/17','RR/MM/DD'),to_date('19/06/26','RR/MM/DD'),'출고완료');
Insert into TEAMPROJECT.INVEN (IN_NO,IN_BRAND,IN_PCODE,IN_LOC,IN_PRICE,IN_QTY,IN_DATE,OUT_DATE,STATE) values (1031,'에르메스','HETO001','A-03',674,3,to_date('19/08/27','RR/MM/DD'),to_date('20/08/30','RR/MM/DD'),'출고예정');
Insert into TEAMPROJECT.INVEN (IN_NO,IN_BRAND,IN_PCODE,IN_LOC,IN_PRICE,IN_QTY,IN_DATE,OUT_DATE,STATE) values (1032,'반클리프앤아펠','VAAC001','C-03',613,2,to_date('20/02/08','RR/MM/DD'),to_date('20/03/31','RR/MM/DD'),'출고완료');
Insert into TEAMPROJECT.INVEN (IN_NO,IN_BRAND,IN_PCODE,IN_LOC,IN_PRICE,IN_QTY,IN_DATE,OUT_DATE,STATE) values (1033,'에르메스','HEBA001','B-01',567,3,to_date('19/08/31','RR/MM/DD'),null,'입고');
Insert into TEAMPROJECT.INVEN (IN_NO,IN_BRAND,IN_PCODE,IN_LOC,IN_PRICE,IN_QTY,IN_DATE,OUT_DATE,STATE) values (1034,'입생로랑','YSBO001','C-02',728,9,to_date('20/04/29','RR/MM/DD'),to_date('20/06/26','RR/MM/DD'),'출고완료');
Insert into TEAMPROJECT.INVEN (IN_NO,IN_BRAND,IN_PCODE,IN_LOC,IN_PRICE,IN_QTY,IN_DATE,OUT_DATE,STATE) values (1035,'몽블랑','MBAC001','A-02',815,3,to_date('20/01/05','RR/MM/DD'),to_date('20/08/05','RR/MM/DD'),'출고예정');
Insert into TEAMPROJECT.INVEN (IN_NO,IN_BRAND,IN_PCODE,IN_LOC,IN_PRICE,IN_QTY,IN_DATE,OUT_DATE,STATE) values (1036,'셀린느','CETO001','C-02',451,9,to_date('19/08/13','RR/MM/DD'),to_date('19/08/28','RR/MM/DD'),'출고완료');
Insert into TEAMPROJECT.INVEN (IN_NO,IN_BRAND,IN_PCODE,IN_LOC,IN_PRICE,IN_QTY,IN_DATE,OUT_DATE,STATE) values (1037,'구찌','GGBO002','B-02',55,6,to_date('20/06/06','RR/MM/DD'),to_date('20/08/30','RR/MM/DD'),'출고예정');
Insert into TEAMPROJECT.INVEN (IN_NO,IN_BRAND,IN_PCODE,IN_LOC,IN_PRICE,IN_QTY,IN_DATE,OUT_DATE,STATE) values (1038,'루이비통','LVTO001','A-02',565,7,to_date('19/10/24','RR/MM/DD'),to_date('19/11/14','RR/MM/DD'),'출고완료');
Insert into TEAMPROJECT.INVEN (IN_NO,IN_BRAND,IN_PCODE,IN_LOC,IN_PRICE,IN_QTY,IN_DATE,OUT_DATE,STATE) values (1039,'닥스','DSBA002','B-02',777,7,to_date('19/08/14','RR/MM/DD'),to_date('19/08/26','RR/MM/DD'),'출고완료');
Insert into TEAMPROJECT.INVEN (IN_NO,IN_BRAND,IN_PCODE,IN_LOC,IN_PRICE,IN_QTY,IN_DATE,OUT_DATE,STATE) values (1040,'프라다','PRTO001','B-03',817,4,to_date('19/11/27','RR/MM/DD'),to_date('19/11/28','RR/MM/DD'),'출고완료');
Insert into TEAMPROJECT.INVEN (IN_NO,IN_BRAND,IN_PCODE,IN_LOC,IN_PRICE,IN_QTY,IN_DATE,OUT_DATE,STATE) values (1041,'디올','DOSH001','C-03',538,8,to_date('20/05/23','RR/MM/DD'),to_date('20/08/13','RR/MM/DD'),'출고예정');
Insert into TEAMPROJECT.INVEN (IN_NO,IN_BRAND,IN_PCODE,IN_LOC,IN_PRICE,IN_QTY,IN_DATE,OUT_DATE,STATE) values (1042,'에르메스','HEBA002','A-03',53,9,to_date('19/12/12','RR/MM/DD'),null,'입고');
Insert into TEAMPROJECT.INVEN (IN_NO,IN_BRAND,IN_PCODE,IN_LOC,IN_PRICE,IN_QTY,IN_DATE,OUT_DATE,STATE) values (1043,'발렌시아가','BASH001','B-03',815,6,to_date('20/05/14','RR/MM/DD'),null,'입고');
Insert into TEAMPROJECT.INVEN (IN_NO,IN_BRAND,IN_PCODE,IN_LOC,IN_PRICE,IN_QTY,IN_DATE,OUT_DATE,STATE) values (1044,'불가리','BVAC002','B-02',352,6,to_date('19/02/12','RR/MM/DD'),to_date('19/02/18','RR/MM/DD'),'출고완료');
Insert into TEAMPROJECT.INVEN (IN_NO,IN_BRAND,IN_PCODE,IN_LOC,IN_PRICE,IN_QTY,IN_DATE,OUT_DATE,STATE) values (1045,'닥스','DSOU001','C-02',574,8,to_date('20/05/18','RR/MM/DD'),to_date('20/07/29','RR/MM/DD'),'출고예정');
Insert into TEAMPROJECT.INVEN (IN_NO,IN_BRAND,IN_PCODE,IN_LOC,IN_PRICE,IN_QTY,IN_DATE,OUT_DATE,STATE) values (1046,'루이비통','LVBO001','A-02',565,4,to_date('19/04/30','RR/MM/DD'),to_date('19/05/04','RR/MM/DD'),'출고완료');
Insert into TEAMPROJECT.INVEN (IN_NO,IN_BRAND,IN_PCODE,IN_LOC,IN_PRICE,IN_QTY,IN_DATE,OUT_DATE,STATE) values (1047,'메종마르지엘라','MMBO001','C-03',160,4,to_date('19/09/24','RR/MM/DD'),to_date('20/09/30','RR/MM/DD'),'출고예정');
Insert into TEAMPROJECT.INVEN (IN_NO,IN_BRAND,IN_PCODE,IN_LOC,IN_PRICE,IN_QTY,IN_DATE,OUT_DATE,STATE) values (1048,'셀린느','CEBA003','A-02',64,10,to_date('19/12/16','RR/MM/DD'),to_date('19/12/20','RR/MM/DD'),'출고완료');
Insert into TEAMPROJECT.INVEN (IN_NO,IN_BRAND,IN_PCODE,IN_LOC,IN_PRICE,IN_QTY,IN_DATE,OUT_DATE,STATE) values (1049,'발렌시아가','BAOU002','C-01',914,9,to_date('19/12/25','RR/MM/DD'),to_date('19/12/26','RR/MM/DD'),'출고완료');
Insert into TEAMPROJECT.INVEN (IN_NO,IN_BRAND,IN_PCODE,IN_LOC,IN_PRICE,IN_QTY,IN_DATE,OUT_DATE,STATE) values (1050,'몽블랑','MBAC002','A-01',360,10,to_date('19/04/30','RR/MM/DD'),to_date('19/08/03','RR/MM/DD'),'출고예정');
Insert into TEAMPROJECT.INVEN (IN_NO,IN_BRAND,IN_PCODE,IN_LOC,IN_PRICE,IN_QTY,IN_DATE,OUT_DATE,STATE) values (1051,'몽블랑','MBBA001','B-01',612,3,to_date('19/01/09','RR/MM/DD'),null,'입고');
Insert into TEAMPROJECT.INVEN (IN_NO,IN_BRAND,IN_PCODE,IN_LOC,IN_PRICE,IN_QTY,IN_DATE,OUT_DATE,STATE) values (1052,'닥스','DSBA003','A-03',626,2,to_date('19/03/11','RR/MM/DD'),to_date('19/03/14','RR/MM/DD'),'출고완료');
Insert into TEAMPROJECT.INVEN (IN_NO,IN_BRAND,IN_PCODE,IN_LOC,IN_PRICE,IN_QTY,IN_DATE,OUT_DATE,STATE) values (1053,'루이비통','LVBA001','A-03',173,7,to_date('19/01/28','RR/MM/DD'),to_date('19/01/31','RR/MM/DD'),'출고완료');
Insert into TEAMPROJECT.INVEN (IN_NO,IN_BRAND,IN_PCODE,IN_LOC,IN_PRICE,IN_QTY,IN_DATE,OUT_DATE,STATE) values (1054,'커스텀멜로우','CMOU001','C-02',627,8,to_date('19/12/31','RR/MM/DD'),to_date('20/01/04','RR/MM/DD'),'출고완료');
Insert into TEAMPROJECT.INVEN (IN_NO,IN_BRAND,IN_PCODE,IN_LOC,IN_PRICE,IN_QTY,IN_DATE,OUT_DATE,STATE) values (1055,'휴고보스','HBTO001','B-02',286,9,to_date('20/03/17','RR/MM/DD'),to_date('20/09/15','RR/MM/DD'),'출고예정');
Insert into TEAMPROJECT.INVEN (IN_NO,IN_BRAND,IN_PCODE,IN_LOC,IN_PRICE,IN_QTY,IN_DATE,OUT_DATE,STATE) values (1056,'롤렉스','ROAC001','B-03',242,10,to_date('20/04/05','RR/MM/DD'),null,'입고');
Insert into TEAMPROJECT.INVEN (IN_NO,IN_BRAND,IN_PCODE,IN_LOC,IN_PRICE,IN_QTY,IN_DATE,OUT_DATE,STATE) values (1057,'루이비통','LVAC001','B-03',596,1,to_date('19/01/18','RR/MM/DD'),null,'입고');
Insert into TEAMPROJECT.INVEN (IN_NO,IN_BRAND,IN_PCODE,IN_LOC,IN_PRICE,IN_QTY,IN_DATE,OUT_DATE,STATE) values (1058,'반클리프앤아펠','VAAC005','C-03',176,7,to_date('20/01/14','RR/MM/DD'),null,'입고');
Insert into TEAMPROJECT.INVEN (IN_NO,IN_BRAND,IN_PCODE,IN_LOC,IN_PRICE,IN_QTY,IN_DATE,OUT_DATE,STATE) values (1059,'프라다','PRBA002','A-02',801,9,to_date('19/01/22','RR/MM/DD'),null,'입고');
Insert into TEAMPROJECT.INVEN (IN_NO,IN_BRAND,IN_PCODE,IN_LOC,IN_PRICE,IN_QTY,IN_DATE,OUT_DATE,STATE) values (1060,'스톤아일랜드','STTO001','B-03',446,6,to_date('20/01/05','RR/MM/DD'),to_date('20/01/20','RR/MM/DD'),'출고완료');
Insert into TEAMPROJECT.INVEN (IN_NO,IN_BRAND,IN_PCODE,IN_LOC,IN_PRICE,IN_QTY,IN_DATE,OUT_DATE,STATE) values (1061,'커스텀멜로우','CMOU001','B-02',627,7,to_date('20/04/13','RR/MM/DD'),to_date('20/08/14','RR/MM/DD'),'출고예정');
Insert into TEAMPROJECT.INVEN (IN_NO,IN_BRAND,IN_PCODE,IN_LOC,IN_PRICE,IN_QTY,IN_DATE,OUT_DATE,STATE) values (1062,'커스텀멜로우','CMOU001','A-02',627,7,to_date('19/10/04','RR/MM/DD'),to_date('19/10/06','RR/MM/DD'),'출고완료');
Insert into TEAMPROJECT.INVEN (IN_NO,IN_BRAND,IN_PCODE,IN_LOC,IN_PRICE,IN_QTY,IN_DATE,OUT_DATE,STATE) values (1063,'구찌','GGHA001','A-03',162,2,to_date('20/02/29','RR/MM/DD'),to_date('20/08/06','RR/MM/DD'),'출고예정');
Insert into TEAMPROJECT.INVEN (IN_NO,IN_BRAND,IN_PCODE,IN_LOC,IN_PRICE,IN_QTY,IN_DATE,OUT_DATE,STATE) values (1064,'메종마르지엘라','MMOU001','C-02',647,5,to_date('19/05/31','RR/MM/DD'),null,'입고');
Insert into TEAMPROJECT.INVEN (IN_NO,IN_BRAND,IN_PCODE,IN_LOC,IN_PRICE,IN_QTY,IN_DATE,OUT_DATE,STATE) values (1065,'스와로브스키','SWAC003','B-01',594,8,to_date('19/10/05','RR/MM/DD'),to_date('19/11/07','RR/MM/DD'),'출고완료');
Insert into TEAMPROJECT.INVEN (IN_NO,IN_BRAND,IN_PCODE,IN_LOC,IN_PRICE,IN_QTY,IN_DATE,OUT_DATE,STATE) values (1066,'입생로랑','YSOU001','B-03',365,4,to_date('19/08/24','RR/MM/DD'),to_date('19/08/29','RR/MM/DD'),'출고완료');
Insert into TEAMPROJECT.INVEN (IN_NO,IN_BRAND,IN_PCODE,IN_LOC,IN_PRICE,IN_QTY,IN_DATE,OUT_DATE,STATE) values (1067,'디올','DOSH002','A-02',868,8,to_date('20/01/29','RR/MM/DD'),to_date('20/01/29','RR/MM/DD'),'출고완료');
Insert into TEAMPROJECT.INVEN (IN_NO,IN_BRAND,IN_PCODE,IN_LOC,IN_PRICE,IN_QTY,IN_DATE,OUT_DATE,STATE) values (1068,'불가리','BVBA001','B-02',939,8,to_date('19/07/19','RR/MM/DD'),null,'입고');
Insert into TEAMPROJECT.INVEN (IN_NO,IN_BRAND,IN_PCODE,IN_LOC,IN_PRICE,IN_QTY,IN_DATE,OUT_DATE,STATE) values (1069,'불가리','BVBA002','B-03',113,10,to_date('19/11/09','RR/MM/DD'),null,'입고');
Insert into TEAMPROJECT.INVEN (IN_NO,IN_BRAND,IN_PCODE,IN_LOC,IN_PRICE,IN_QTY,IN_DATE,OUT_DATE,STATE) values (1070,'불가리','BVBA003','C-01',283,10,to_date('19/03/04','RR/MM/DD'),null,'입고');
Insert into TEAMPROJECT.INVEN (IN_NO,IN_BRAND,IN_PCODE,IN_LOC,IN_PRICE,IN_QTY,IN_DATE,OUT_DATE,STATE) values (1071,'보테가베네타','BOBA003','B-01',261,2,to_date('19/07/21','RR/MM/DD'),to_date('20/08/20','RR/MM/DD'),'출고예정');
Insert into TEAMPROJECT.INVEN (IN_NO,IN_BRAND,IN_PCODE,IN_LOC,IN_PRICE,IN_QTY,IN_DATE,OUT_DATE,STATE) values (1072,'구찌','GGOU001','A-01',241,10,to_date('20/03/08','RR/MM/DD'),to_date('20/03/11','RR/MM/DD'),'출고완료');
Insert into TEAMPROJECT.INVEN (IN_NO,IN_BRAND,IN_PCODE,IN_LOC,IN_PRICE,IN_QTY,IN_DATE,OUT_DATE,STATE) values (1073,'셀린느','CESH001','C-03',446,6,to_date('19/12/20','RR/MM/DD'),to_date('19/12/31','RR/MM/DD'),'출고완료');
Insert into TEAMPROJECT.INVEN (IN_NO,IN_BRAND,IN_PCODE,IN_LOC,IN_PRICE,IN_QTY,IN_DATE,OUT_DATE,STATE) values (1074,'루이비통','LVBA001','C-01',173,3,to_date('19/02/09','RR/MM/DD'),to_date('19/03/04','RR/MM/DD'),'출고완료');
Insert into TEAMPROJECT.INVEN (IN_NO,IN_BRAND,IN_PCODE,IN_LOC,IN_PRICE,IN_QTY,IN_DATE,OUT_DATE,STATE) values (1075,'메종마르지엘라','MMSH001','B-02',639,9,to_date('19/05/11','RR/MM/DD'),to_date('19/05/16','RR/MM/DD'),'출고완료');
Insert into TEAMPROJECT.INVEN (IN_NO,IN_BRAND,IN_PCODE,IN_LOC,IN_PRICE,IN_QTY,IN_DATE,OUT_DATE,STATE) values (1076,'셀린느','CEBA001','B-03',784,2,to_date('20/05/22','RR/MM/DD'),to_date('20/09/12','RR/MM/DD'),'출고예정');
Insert into TEAMPROJECT.INVEN (IN_NO,IN_BRAND,IN_PCODE,IN_LOC,IN_PRICE,IN_QTY,IN_DATE,OUT_DATE,STATE) values (1077,'디올','DOTO001','C-02',846,8,to_date('19/07/13','RR/MM/DD'),null,'입고');
Insert into TEAMPROJECT.INVEN (IN_NO,IN_BRAND,IN_PCODE,IN_LOC,IN_PRICE,IN_QTY,IN_DATE,OUT_DATE,STATE) values (1078,'닥스','DSBA004','B-03',182,3,to_date('19/02/28','RR/MM/DD'),to_date('19/03/05','RR/MM/DD'),'출고완료');
Insert into TEAMPROJECT.INVEN (IN_NO,IN_BRAND,IN_PCODE,IN_LOC,IN_PRICE,IN_QTY,IN_DATE,OUT_DATE,STATE) values (1079,'입생로랑','YSSH001','C-01',949,8,to_date('19/04/10','RR/MM/DD'),to_date('19/04/20','RR/MM/DD'),'출고완료');
Insert into TEAMPROJECT.INVEN (IN_NO,IN_BRAND,IN_PCODE,IN_LOC,IN_PRICE,IN_QTY,IN_DATE,OUT_DATE,STATE) values (1080,'닥스','DSOU001','A-03',574,1,to_date('20/04/11','RR/MM/DD'),to_date('20/04/12','RR/MM/DD'),'출고완료');
Insert into TEAMPROJECT.INVEN (IN_NO,IN_BRAND,IN_PCODE,IN_LOC,IN_PRICE,IN_QTY,IN_DATE,OUT_DATE,STATE) values (1081,'입생로랑','YSBO001','C-02',728,6,to_date('19/01/09','RR/MM/DD'),null,'입고');
Insert into TEAMPROJECT.INVEN (IN_NO,IN_BRAND,IN_PCODE,IN_LOC,IN_PRICE,IN_QTY,IN_DATE,OUT_DATE,STATE) values (1082,'몽블랑','MBBA002','B-02',488,1,to_date('19/10/23','RR/MM/DD'),null,'입고');
Insert into TEAMPROJECT.INVEN (IN_NO,IN_BRAND,IN_PCODE,IN_LOC,IN_PRICE,IN_QTY,IN_DATE,OUT_DATE,STATE) values (1083,'버버리','BBOU001','C-01',61,2,to_date('19/10/31','RR/MM/DD'),to_date('20/11/02','RR/MM/DD'),'출고예정');
Insert into TEAMPROJECT.INVEN (IN_NO,IN_BRAND,IN_PCODE,IN_LOC,IN_PRICE,IN_QTY,IN_DATE,OUT_DATE,STATE) values (1084,'스와로브스키','SWAC004','B-01',148,4,to_date('19/02/15','RR/MM/DD'),to_date('19/03/05','RR/MM/DD'),'출고완료');
Insert into TEAMPROJECT.INVEN (IN_NO,IN_BRAND,IN_PCODE,IN_LOC,IN_PRICE,IN_QTY,IN_DATE,OUT_DATE,STATE) values (1085,'에르메스','HEBO001','C-03',672,9,to_date('20/05/01','RR/MM/DD'),to_date('20/05/27','RR/MM/DD'),'출고완료');
Insert into TEAMPROJECT.INVEN (IN_NO,IN_BRAND,IN_PCODE,IN_LOC,IN_PRICE,IN_QTY,IN_DATE,OUT_DATE,STATE) values (1086,'커스텀멜로우','CMOU002','A-03',734,3,to_date('20/03/26','RR/MM/DD'),to_date('20/03/29','RR/MM/DD'),'출고완료');
Insert into TEAMPROJECT.INVEN (IN_NO,IN_BRAND,IN_PCODE,IN_LOC,IN_PRICE,IN_QTY,IN_DATE,OUT_DATE,STATE) values (1087,'루이비통','LVTO001','A-01',565,7,to_date('19/05/10','RR/MM/DD'),null,'입고');
Insert into TEAMPROJECT.INVEN (IN_NO,IN_BRAND,IN_PCODE,IN_LOC,IN_PRICE,IN_QTY,IN_DATE,OUT_DATE,STATE) values (1088,'휴고보스','HBHA001','B-03',397,7,to_date('20/02/12','RR/MM/DD'),null,'입고');
Insert into TEAMPROJECT.INVEN (IN_NO,IN_BRAND,IN_PCODE,IN_LOC,IN_PRICE,IN_QTY,IN_DATE,OUT_DATE,STATE) values (1089,'롤렉스','ROAC003','C-03',311,6,to_date('19/11/06','RR/MM/DD'),to_date('19/11/15','RR/MM/DD'),'출고완료');
Insert into TEAMPROJECT.INVEN (IN_NO,IN_BRAND,IN_PCODE,IN_LOC,IN_PRICE,IN_QTY,IN_DATE,OUT_DATE,STATE) values (1090,'닥스','DSBA003','B-01',626,3,to_date('20/03/30','RR/MM/DD'),to_date('20/08/15','RR/MM/DD'),'출고예정');
Insert into TEAMPROJECT.INVEN (IN_NO,IN_BRAND,IN_PCODE,IN_LOC,IN_PRICE,IN_QTY,IN_DATE,OUT_DATE,STATE) values (1091,'메종마르지엘라','MMTO001','C-03',593,1,to_date('19/01/06','RR/MM/DD'),to_date('19/01/09','RR/MM/DD'),'출고완료');
Insert into TEAMPROJECT.INVEN (IN_NO,IN_BRAND,IN_PCODE,IN_LOC,IN_PRICE,IN_QTY,IN_DATE,OUT_DATE,STATE) values (1092,'보테가베네타','BOBA002','B-03',444,8,to_date('20/01/31','RR/MM/DD'),to_date('20/03/14','RR/MM/DD'),'출고완료');
Insert into TEAMPROJECT.INVEN (IN_NO,IN_BRAND,IN_PCODE,IN_LOC,IN_PRICE,IN_QTY,IN_DATE,OUT_DATE,STATE) values (1093,'발렌시아가','BAHA001','A-02',320,1,to_date('20/04/21','RR/MM/DD'),null,'입고');
Insert into TEAMPROJECT.INVEN (IN_NO,IN_BRAND,IN_PCODE,IN_LOC,IN_PRICE,IN_QTY,IN_DATE,OUT_DATE,STATE) values (1094,'커스텀멜로우','CMTO001','A-03',756,4,to_date('19/03/07','RR/MM/DD'),null,'입고');
Insert into TEAMPROJECT.INVEN (IN_NO,IN_BRAND,IN_PCODE,IN_LOC,IN_PRICE,IN_QTY,IN_DATE,OUT_DATE,STATE) values (1095,'에르메스','HEBA001','B-01',567,2,to_date('20/04/14','RR/MM/DD'),to_date('20/07/26','RR/MM/DD'),'출고예정');
Insert into TEAMPROJECT.INVEN (IN_NO,IN_BRAND,IN_PCODE,IN_LOC,IN_PRICE,IN_QTY,IN_DATE,OUT_DATE,STATE) values (1096,'휴고보스','HBTO002','C-02',289,3,to_date('20/03/07','RR/MM/DD'),to_date('20/03/17','RR/MM/DD'),'출고완료');
Insert into TEAMPROJECT.INVEN (IN_NO,IN_BRAND,IN_PCODE,IN_LOC,IN_PRICE,IN_QTY,IN_DATE,OUT_DATE,STATE) values (1097,'버버리','BBTO001','A-03',179,6,to_date('19/03/09','RR/MM/DD'),to_date('19/03/10','RR/MM/DD'),'출고완료');
Insert into TEAMPROJECT.INVEN (IN_NO,IN_BRAND,IN_PCODE,IN_LOC,IN_PRICE,IN_QTY,IN_DATE,OUT_DATE,STATE) values (1098,'불가리','BVAC002','C-01',352,6,to_date('19/08/20','RR/MM/DD'),null,'입고');
Insert into TEAMPROJECT.INVEN (IN_NO,IN_BRAND,IN_PCODE,IN_LOC,IN_PRICE,IN_QTY,IN_DATE,OUT_DATE,STATE) values (1099,'롤렉스','ROAC004','B-01',944,1,to_date('19/03/05','RR/MM/DD'),to_date('19/09/09','RR/MM/DD'),'출고예정');
Insert into TEAMPROJECT.INVEN (IN_NO,IN_BRAND,IN_PCODE,IN_LOC,IN_PRICE,IN_QTY,IN_DATE,OUT_DATE,STATE) values (1100,'몽블랑','MBAC003','B-03',261,10,to_date('19/11/29','RR/MM/DD'),to_date('19/12/29','RR/MM/DD'),'출고완료');
REM INSERTING into TEAMPROJECT.ORDER_DETAIL
SET DEFINE OFF;
Insert into TEAMPROJECT.ORDER_DETAIL (ORDER_DETAIL_ID,ORDER_NO,P_NAME,PRICE,ORDER_QTY,ORDER_SUBTOTAL) values (50001,'OD0027','TROPICAL LEAF 펜던트 라이트 멀티 골드톤 플래팅',830,2,1660);
Insert into TEAMPROJECT.ORDER_DETAIL (ORDER_DETAIL_ID,ORDER_NO,P_NAME,PRICE,ORDER_QTY,ORDER_SUBTOTAL) values (50002,'OD0003','그레이 네임택 가죽 크로스백',232,3,696);
Insert into TEAMPROJECT.ORDER_DETAIL (ORDER_DETAIL_ID,ORDER_NO,P_NAME,PRICE,ORDER_QTY,ORDER_SUBTOTAL) values (50003,'OD0047','빈티지 알함브라 네크리스',663,2,1326);
Insert into TEAMPROJECT.ORDER_DETAIL (ORDER_DETAIL_ID,ORDER_NO,P_NAME,PRICE,ORDER_QTY,ORDER_SUBTOTAL) values (50004,'OD0004','스트라이프 울 실크 테일러드 팬츠',105,3,315);
Insert into TEAMPROJECT.ORDER_DETAIL (ORDER_DETAIL_ID,ORDER_NO,P_NAME,PRICE,ORDER_QTY,ORDER_SUBTOTAL) values (50005,'OD0001','MEMBRANA 3L WITH DUST COLOUR FINISH',623,2,1246);
Insert into TEAMPROJECT.ORDER_DETAIL (ORDER_DETAIL_ID,ORDER_NO,P_NAME,PRICE,ORDER_QTY,ORDER_SUBTOTAL) values (50006,'OD0007','rusty pocket washed denim pants',385,1,385);
Insert into TEAMPROJECT.ORDER_DETAIL (ORDER_DETAIL_ID,ORDER_NO,P_NAME,PRICE,ORDER_QTY,ORDER_SUBTOTAL) values (50007,'OD0034','Explorer II',471,3,1413);
Insert into TEAMPROJECT.ORDER_DETAIL (ORDER_DETAIL_ID,ORDER_NO,P_NAME,PRICE,ORDER_QTY,ORDER_SUBTOTAL) values (50008,'OD0039','5AC 마이크로 버킷 백',768,1,768);
Insert into TEAMPROJECT.ORDER_DETAIL (ORDER_DETAIL_ID,ORDER_NO,P_NAME,PRICE,ORDER_QTY,ORDER_SUBTOTAL) values (50009,'OD0044','삭 드 주르 소프트 72H 더플 백',1000,2,2000);
Insert into TEAMPROJECT.ORDER_DETAIL (ORDER_DETAIL_ID,ORDER_NO,P_NAME,PRICE,ORDER_QTY,ORDER_SUBTOTAL) values (50010,'OD0016','TROPICAL LEAF 이어링',198,1,198);
Insert into TEAMPROJECT.ORDER_DETAIL (ORDER_DETAIL_ID,ORDER_NO,P_NAME,PRICE,ORDER_QTY,ORDER_SUBTOTAL) values (50011,'OD0005','5AC 마이크로 버킷 백',768,3,2304);
Insert into TEAMPROJECT.ORDER_DETAIL (ORDER_DETAIL_ID,ORDER_NO,P_NAME,PRICE,ORDER_QTY,ORDER_SUBTOTAL) values (50012,'OD0019','뻬를리 클로버 브레이슬릿',226,1,226);
Insert into TEAMPROJECT.ORDER_DETAIL (ORDER_DETAIL_ID,ORDER_NO,P_NAME,PRICE,ORDER_QTY,ORDER_SUBTOTAL) values (50013,'OD0005','코튼 포플린 카방',283,1,283);
Insert into TEAMPROJECT.ORDER_DETAIL (ORDER_DETAIL_ID,ORDER_NO,P_NAME,PRICE,ORDER_QTY,ORDER_SUBTOTAL) values (50014,'OD0017','트리플S 트레이너',865,3,2595);
Insert into TEAMPROJECT.ORDER_DETAIL (ORDER_DETAIL_ID,ORDER_NO,P_NAME,PRICE,ORDER_QTY,ORDER_SUBTOTAL) values (50015,'OD0014','TROPICAL LEAF 펜던트 라이트 멀티 골드톤 플래팅',830,3,2490);
Insert into TEAMPROJECT.ORDER_DETAIL (ORDER_DETAIL_ID,ORDER_NO,P_NAME,PRICE,ORDER_QTY,ORDER_SUBTOTAL) values (50016,'OD0027','오페라 레인 코트',964,2,1928);
Insert into TEAMPROJECT.ORDER_DETAIL (ORDER_DETAIL_ID,ORDER_NO,P_NAME,PRICE,ORDER_QTY,ORDER_SUBTOTAL) values (50017,'OD0040','발렌시아가 웨이브로고 캡',370,3,1110);
Insert into TEAMPROJECT.ORDER_DETAIL (ORDER_DETAIL_ID,ORDER_NO,P_NAME,PRICE,ORDER_QTY,ORDER_SUBTOTAL) values (50018,'OD0019','더플백',989,3,2967);
Insert into TEAMPROJECT.ORDER_DETAIL (ORDER_DETAIL_ID,ORDER_NO,P_NAME,PRICE,ORDER_QTY,ORDER_SUBTOTAL) values (50019,'OD0015','PANI LA SHAR PAWNEE 리버서블 스카프 90',642,2,1284);
Insert into TEAMPROJECT.ORDER_DETAIL (ORDER_DETAIL_ID,ORDER_NO,P_NAME,PRICE,ORDER_QTY,ORDER_SUBTOTAL) values (50020,'OD0010','Brandenourge encardre 클래식 크롭 셔츠',724,1,724);
Insert into TEAMPROJECT.ORDER_DETAIL (ORDER_DETAIL_ID,ORDER_NO,P_NAME,PRICE,ORDER_QTY,ORDER_SUBTOTAL) values (50021,'OD0035','백로고 프린트 후드티 블랙',501,2,1002);
Insert into TEAMPROJECT.ORDER_DETAIL (ORDER_DETAIL_ID,ORDER_NO,P_NAME,PRICE,ORDER_QTY,ORDER_SUBTOTAL) values (50022,'OD0002','프린트 코튼 포플린 셔츠',682,1,682);
Insert into TEAMPROJECT.ORDER_DETAIL (ORDER_DETAIL_ID,ORDER_NO,P_NAME,PRICE,ORDER_QTY,ORDER_SUBTOTAL) values (50023,'OD0004','에크루 코튼 파유',421,2,842);
Insert into TEAMPROJECT.ORDER_DETAIL (ORDER_DETAIL_ID,ORDER_NO,P_NAME,PRICE,ORDER_QTY,ORDER_SUBTOTAL) values (50024,'OD0030','마이크로 벨트백 블랙',114,3,342);
Insert into TEAMPROJECT.ORDER_DETAIL (ORDER_DETAIL_ID,ORDER_NO,P_NAME,PRICE,ORDER_QTY,ORDER_SUBTOTAL) values (50025,'OD0038','DRONE SIX',611,3,1833);
Insert into TEAMPROJECT.ORDER_DETAIL (ORDER_DETAIL_ID,ORDER_NO,P_NAME,PRICE,ORDER_QTY,ORDER_SUBTOTAL) values (50026,'OD0027','헤리티지 모노푸셔 크로노그래프',410,1,410);
Insert into TEAMPROJECT.ORDER_DETAIL (ORDER_DETAIL_ID,ORDER_NO,P_NAME,PRICE,ORDER_QTY,ORDER_SUBTOTAL) values (50027,'OD0049','ROULIS 미니 백',103,3,309);
Insert into TEAMPROJECT.ORDER_DETAIL (ORDER_DETAIL_ID,ORDER_NO,P_NAME,PRICE,ORDER_QTY,ORDER_SUBTOTAL) values (50028,'OD0049','미디엄 퀼팅 타월링 롤라 백',494,1,494);
Insert into TEAMPROJECT.ORDER_DETAIL (ORDER_DETAIL_ID,ORDER_NO,P_NAME,PRICE,ORDER_QTY,ORDER_SUBTOTAL) values (50029,'OD0015','Brandenourge encardre 플리츠 스커트',722,2,1444);
Insert into TEAMPROJECT.ORDER_DETAIL (ORDER_DETAIL_ID,ORDER_NO,P_NAME,PRICE,ORDER_QTY,ORDER_SUBTOTAL) values (50030,'OD0048','패디드 테크 카세트백',311,1,311);
Insert into TEAMPROJECT.ORDER_DETAIL (ORDER_DETAIL_ID,ORDER_NO,P_NAME,PRICE,ORDER_QTY,ORDER_SUBTOTAL) values (50031,'OD0042','circle 로고 캔버스 캡모자',447,2,894);
Insert into TEAMPROJECT.ORDER_DETAIL (ORDER_DETAIL_ID,ORDER_NO,P_NAME,PRICE,ORDER_QTY,ORDER_SUBTOTAL) values (50032,'OD0002','체크 트러커 점퍼',784,1,784);
Insert into TEAMPROJECT.ORDER_DETAIL (ORDER_DETAIL_ID,ORDER_NO,P_NAME,PRICE,ORDER_QTY,ORDER_SUBTOTAL) values (50033,'OD0028','GG 캔버스 야구모자',212,2,424);
Insert into TEAMPROJECT.ORDER_DETAIL (ORDER_DETAIL_ID,ORDER_NO,P_NAME,PRICE,ORDER_QTY,ORDER_SUBTOTAL) values (50034,'OD0005','더블 브레스트 쇼트 테일러드 재킷',415,1,415);
Insert into TEAMPROJECT.ORDER_DETAIL (ORDER_DETAIL_ID,ORDER_NO,P_NAME,PRICE,ORDER_QTY,ORDER_SUBTOTAL) values (50035,'OD0028','트리오페 미디움 숄더백',834,2,1668);
Insert into TEAMPROJECT.ORDER_DETAIL (ORDER_DETAIL_ID,ORDER_NO,P_NAME,PRICE,ORDER_QTY,ORDER_SUBTOTAL) values (50036,'OD0011','코튼 포플린 카방',283,1,283);
Insert into TEAMPROJECT.ORDER_DETAIL (ORDER_DETAIL_ID,ORDER_NO,P_NAME,PRICE,ORDER_QTY,ORDER_SUBTOTAL) values (50037,'OD0032','루스 테크니컬 저지 조깅 팬츠',297,1,297);
Insert into TEAMPROJECT.ORDER_DETAIL (ORDER_DETAIL_ID,ORDER_NO,P_NAME,PRICE,ORDER_QTY,ORDER_SUBTOTAL) values (50038,'OD0034','ROULIS 미니 백',103,3,309);
Insert into TEAMPROJECT.ORDER_DETAIL (ORDER_DETAIL_ID,ORDER_NO,P_NAME,PRICE,ORDER_QTY,ORDER_SUBTOTAL) values (50039,'OD0023','라발리에르 넥 셔츠',103,2,206);
Insert into TEAMPROJECT.ORDER_DETAIL (ORDER_DETAIL_ID,ORDER_NO,P_NAME,PRICE,ORDER_QTY,ORDER_SUBTOTAL) values (50040,'OD0009','체크 트러커 점퍼',784,1,784);
Insert into TEAMPROJECT.ORDER_DETAIL (ORDER_DETAIL_ID,ORDER_NO,P_NAME,PRICE,ORDER_QTY,ORDER_SUBTOTAL) values (50041,'OD0040','빅토리안 인스파이어드 플로럴 블라우스 위드 레이스 디테일',483,3,1449);
Insert into TEAMPROJECT.ORDER_DETAIL (ORDER_DETAIL_ID,ORDER_NO,P_NAME,PRICE,ORDER_QTY,ORDER_SUBTOTAL) values (50042,'OD0025','아나이스 보우 펌프스',999,2,1998);
Insert into TEAMPROJECT.ORDER_DETAIL (ORDER_DETAIL_ID,ORDER_NO,P_NAME,PRICE,ORDER_QTY,ORDER_SUBTOTAL) values (50043,'OD0035','빈티지 알함브라 네크리스',663,3,1989);
Insert into TEAMPROJECT.ORDER_DETAIL (ORDER_DETAIL_ID,ORDER_NO,P_NAME,PRICE,ORDER_QTY,ORDER_SUBTOTAL) values (50044,'OD0036','세르펜티 포에버 숄더백',333,2,666);
Insert into TEAMPROJECT.ORDER_DETAIL (ORDER_DETAIL_ID,ORDER_NO,P_NAME,PRICE,ORDER_QTY,ORDER_SUBTOTAL) values (50045,'OD0018','SKIN TOUCH NYLON TC PACKABLE',953,3,2859);
Insert into TEAMPROJECT.ORDER_DETAIL (ORDER_DETAIL_ID,ORDER_NO,P_NAME,PRICE,ORDER_QTY,ORDER_SUBTOTAL) values (50046,'OD0041','BIRKIN BAG 40 BR',617,3,1851);
Insert into TEAMPROJECT.ORDER_DETAIL (ORDER_DETAIL_ID,ORDER_NO,P_NAME,PRICE,ORDER_QTY,ORDER_SUBTOTAL) values (50047,'OD0014','아나이스 보우 펌프스',999,3,2997);
Insert into TEAMPROJECT.ORDER_DETAIL (ORDER_DETAIL_ID,ORDER_NO,P_NAME,PRICE,ORDER_QTY,ORDER_SUBTOTAL) values (50048,'OD0048','BIRKIN BAG 40 BR',617,1,617);
Insert into TEAMPROJECT.ORDER_DETAIL (ORDER_DETAIL_ID,ORDER_NO,P_NAME,PRICE,ORDER_QTY,ORDER_SUBTOTAL) values (50049,'OD0047','아나이스 보우 펌프스',999,3,2997);
Insert into TEAMPROJECT.ORDER_DETAIL (ORDER_DETAIL_ID,ORDER_NO,P_NAME,PRICE,ORDER_QTY,ORDER_SUBTOTAL) values (50050,'OD0004','프라다 리에디션 나일론 호보백',851,2,1702);
Insert into TEAMPROJECT.ORDER_DETAIL (ORDER_DETAIL_ID,ORDER_NO,P_NAME,PRICE,ORDER_QTY,ORDER_SUBTOTAL) values (50051,'OD0008','펀치 홀 트렌치 코트',697,2,1394);
Insert into TEAMPROJECT.ORDER_DETAIL (ORDER_DETAIL_ID,ORDER_NO,P_NAME,PRICE,ORDER_QTY,ORDER_SUBTOTAL) values (50052,'OD0037','불가리 맨 메신저백',163,2,326);
Insert into TEAMPROJECT.ORDER_DETAIL (ORDER_DETAIL_ID,ORDER_NO,P_NAME,PRICE,ORDER_QTY,ORDER_SUBTOTAL) values (50053,'OD0013','MEMBRANA 3L WITH DUST COLOUR FINISH',623,2,1246);
Insert into TEAMPROJECT.ORDER_DETAIL (ORDER_DETAIL_ID,ORDER_NO,P_NAME,PRICE,ORDER_QTY,ORDER_SUBTOTAL) values (50054,'OD0031','sailor collar 3/4 shirt',806,2,1612);
Insert into TEAMPROJECT.ORDER_DETAIL (ORDER_DETAIL_ID,ORDER_NO,P_NAME,PRICE,ORDER_QTY,ORDER_SUBTOTAL) values (50055,'OD0002','cashmere wool belted coat',176,3,528);
Insert into TEAMPROJECT.ORDER_DETAIL (ORDER_DETAIL_ID,ORDER_NO,P_NAME,PRICE,ORDER_QTY,ORDER_SUBTOTAL) values (50056,'OD0045','몽키 프린트 실크 스퀘어 스카프',714,3,2142);
Insert into TEAMPROJECT.ORDER_DETAIL (ORDER_DETAIL_ID,ORDER_NO,P_NAME,PRICE,ORDER_QTY,ORDER_SUBTOTAL) values (50057,'OD0044','baltimor 이탈리안 메이드 레더 트레이너',245,1,245);
Insert into TEAMPROJECT.ORDER_DETAIL (ORDER_DETAIL_ID,ORDER_NO,P_NAME,PRICE,ORDER_QTY,ORDER_SUBTOTAL) values (50058,'OD0029','프라다 리에디션 나일론 호보백',851,2,1702);
Insert into TEAMPROJECT.ORDER_DETAIL (ORDER_DETAIL_ID,ORDER_NO,P_NAME,PRICE,ORDER_QTY,ORDER_SUBTOTAL) values (50059,'OD0002','마이크로 벨트백 블랙',114,3,342);
Insert into TEAMPROJECT.ORDER_DETAIL (ORDER_DETAIL_ID,ORDER_NO,P_NAME,PRICE,ORDER_QTY,ORDER_SUBTOTAL) values (50060,'OD0026','cashmere wool belted coat',176,3,528);
Insert into TEAMPROJECT.ORDER_DETAIL (ORDER_DETAIL_ID,ORDER_NO,P_NAME,PRICE,ORDER_QTY,ORDER_SUBTOTAL) values (50061,'OD0033','몽키 프린트 실크 스퀘어 스카프',714,1,714);
Insert into TEAMPROJECT.ORDER_DETAIL (ORDER_DETAIL_ID,ORDER_NO,P_NAME,PRICE,ORDER_QTY,ORDER_SUBTOTAL) values (50062,'OD0026','스트라이프 울 실크 테일러드 팬츠',105,2,210);
Insert into TEAMPROJECT.ORDER_DETAIL (ORDER_DETAIL_ID,ORDER_NO,P_NAME,PRICE,ORDER_QTY,ORDER_SUBTOTAL) values (50063,'OD0043','Cosmograph Daytona',140,2,280);
Insert into TEAMPROJECT.ORDER_DETAIL (ORDER_DETAIL_ID,ORDER_NO,P_NAME,PRICE,ORDER_QTY,ORDER_SUBTOTAL) values (50064,'OD0008','루스 테크니컬 저지 조깅 팬츠',297,2,594);
Insert into TEAMPROJECT.ORDER_DETAIL (ORDER_DETAIL_ID,ORDER_NO,P_NAME,PRICE,ORDER_QTY,ORDER_SUBTOTAL) values (50065,'OD0050','Sea-Dweller',994,3,2982);
Insert into TEAMPROJECT.ORDER_DETAIL (ORDER_DETAIL_ID,ORDER_NO,P_NAME,PRICE,ORDER_QTY,ORDER_SUBTOTAL) values (50066,'OD0024','홀스빗 1955 숄더백',839,1,839);
Insert into TEAMPROJECT.ORDER_DETAIL (ORDER_DETAIL_ID,ORDER_NO,P_NAME,PRICE,ORDER_QTY,ORDER_SUBTOTAL) values (50067,'OD0021','프렌치 커프스 포플린 셔츠',643,3,1929);
Insert into TEAMPROJECT.ORDER_DETAIL (ORDER_DETAIL_ID,ORDER_NO,P_NAME,PRICE,ORDER_QTY,ORDER_SUBTOTAL) values (50068,'OD0042','트리오페 레이스업 스니커즈',496,2,992);
Insert into TEAMPROJECT.ORDER_DETAIL (ORDER_DETAIL_ID,ORDER_NO,P_NAME,PRICE,ORDER_QTY,ORDER_SUBTOTAL) values (50069,'OD0001','클라우드버스트 썬더',867,1,867);
Insert into TEAMPROJECT.ORDER_DETAIL (ORDER_DETAIL_ID,ORDER_NO,P_NAME,PRICE,ORDER_QTY,ORDER_SUBTOTAL) values (50070,'OD0011','TROPICAL PARROT 이어링',989,1,989);
Insert into TEAMPROJECT.ORDER_DETAIL (ORDER_DETAIL_ID,ORDER_NO,P_NAME,PRICE,ORDER_QTY,ORDER_SUBTOTAL) values (50071,'OD0050','마이크로 벨트백 블랙',114,2,228);
Insert into TEAMPROJECT.ORDER_DETAIL (ORDER_DETAIL_ID,ORDER_NO,P_NAME,PRICE,ORDER_QTY,ORDER_SUBTOTAL) values (50072,'OD0033','트랙수트 재킷',857,3,2571);
Insert into TEAMPROJECT.ORDER_DETAIL (ORDER_DETAIL_ID,ORDER_NO,P_NAME,PRICE,ORDER_QTY,ORDER_SUBTOTAL) values (50073,'OD0045','ETERNAL FLOWER 브로치',644,2,1288);
Insert into TEAMPROJECT.ORDER_DETAIL (ORDER_DETAIL_ID,ORDER_NO,P_NAME,PRICE,ORDER_QTY,ORDER_SUBTOTAL) values (50074,'OD0028','SKIN TOUCH NYLON TC PACKABLE',953,3,2859);
Insert into TEAMPROJECT.ORDER_DETAIL (ORDER_DETAIL_ID,ORDER_NO,P_NAME,PRICE,ORDER_QTY,ORDER_SUBTOTAL) values (50075,'OD0020','클라우드버스트 썬더',867,2,1734);
Insert into TEAMPROJECT.ORDER_DETAIL (ORDER_DETAIL_ID,ORDER_NO,P_NAME,PRICE,ORDER_QTY,ORDER_SUBTOTAL) values (50076,'OD0018','paule 슬림핏 스트라이프 슬리브 폴로 셔츠',339,2,678);
Insert into TEAMPROJECT.ORDER_DETAIL (ORDER_DETAIL_ID,ORDER_NO,P_NAME,PRICE,ORDER_QTY,ORDER_SUBTOTAL) values (50077,'OD0001','Sea-Dweller',994,3,2982);
Insert into TEAMPROJECT.ORDER_DETAIL (ORDER_DETAIL_ID,ORDER_NO,P_NAME,PRICE,ORDER_QTY,ORDER_SUBTOTAL) values (50078,'OD0007','블랙 가죽 심플 미니 클러치백',676,2,1352);
Insert into TEAMPROJECT.ORDER_DETAIL (ORDER_DETAIL_ID,ORDER_NO,P_NAME,PRICE,ORDER_QTY,ORDER_SUBTOTAL) values (50079,'OD0049','모노그램 프린트 코튼 포플린 오버사이즈 셔츠',229,1,229);
Insert into TEAMPROJECT.ORDER_DETAIL (ORDER_DETAIL_ID,ORDER_NO,P_NAME,PRICE,ORDER_QTY,ORDER_SUBTOTAL) values (50080,'OD0046','5AC 마이크로 버킷 백',768,2,1536);
Insert into TEAMPROJECT.ORDER_DETAIL (ORDER_DETAIL_ID,ORDER_NO,P_NAME,PRICE,ORDER_QTY,ORDER_SUBTOTAL) values (50081,'OD0045','코튼 포플린 카방',283,1,283);
Insert into TEAMPROJECT.ORDER_DETAIL (ORDER_DETAIL_ID,ORDER_NO,P_NAME,PRICE,ORDER_QTY,ORDER_SUBTOTAL) values (50082,'OD0009','오페라 레인 코트',964,3,2892);
Insert into TEAMPROJECT.ORDER_DETAIL (ORDER_DETAIL_ID,ORDER_NO,P_NAME,PRICE,ORDER_QTY,ORDER_SUBTOTAL) values (50083,'OD0023','몽키 프린트 실크 스퀘어 스카프',714,2,1428);
Insert into TEAMPROJECT.ORDER_DETAIL (ORDER_DETAIL_ID,ORDER_NO,P_NAME,PRICE,ORDER_QTY,ORDER_SUBTOTAL) values (50084,'OD0006','모노그램 프린트 코튼 포플린 오버사이즈 셔츠',229,2,458);
Insert into TEAMPROJECT.ORDER_DETAIL (ORDER_DETAIL_ID,ORDER_NO,P_NAME,PRICE,ORDER_QTY,ORDER_SUBTOTAL) values (50085,'OD0048','미니 투톤 캔버스 레더 포켓백',653,3,1959);
Insert into TEAMPROJECT.ORDER_DETAIL (ORDER_DETAIL_ID,ORDER_NO,P_NAME,PRICE,ORDER_QTY,ORDER_SUBTOTAL) values (50086,'OD0021','Brandenourge encardre 플리츠 스커트',722,2,1444);
Insert into TEAMPROJECT.ORDER_DETAIL (ORDER_DETAIL_ID,ORDER_NO,P_NAME,PRICE,ORDER_QTY,ORDER_SUBTOTAL) values (50087,'OD0027','프라다 리에디션 나일론 호보백',851,3,2553);
Insert into TEAMPROJECT.ORDER_DETAIL (ORDER_DETAIL_ID,ORDER_NO,P_NAME,PRICE,ORDER_QTY,ORDER_SUBTOTAL) values (50088,'OD0013','더플백',989,2,1978);
Insert into TEAMPROJECT.ORDER_DETAIL (ORDER_DETAIL_ID,ORDER_NO,P_NAME,PRICE,ORDER_QTY,ORDER_SUBTOTAL) values (50089,'OD0029','DIOR EXPLORER 앵클부츠',918,3,2754);
Insert into TEAMPROJECT.ORDER_DETAIL (ORDER_DETAIL_ID,ORDER_NO,P_NAME,PRICE,ORDER_QTY,ORDER_SUBTOTAL) values (50090,'OD0009','미니 투톤 캔버스 레더 포켓백',653,1,653);
Insert into TEAMPROJECT.ORDER_DETAIL (ORDER_DETAIL_ID,ORDER_NO,P_NAME,PRICE,ORDER_QTY,ORDER_SUBTOTAL) values (50091,'OD0006','트리오페 미디움 숄더백',834,2,1668);
Insert into TEAMPROJECT.ORDER_DETAIL (ORDER_DETAIL_ID,ORDER_NO,P_NAME,PRICE,ORDER_QTY,ORDER_SUBTOTAL) values (50092,'OD0009','circle 로고 캔버스 캡모자',447,2,894);
Insert into TEAMPROJECT.ORDER_DETAIL (ORDER_DETAIL_ID,ORDER_NO,P_NAME,PRICE,ORDER_QTY,ORDER_SUBTOTAL) values (50093,'OD0031','뻬를리 클로버 브레이슬릿',226,2,452);
Insert into TEAMPROJECT.ORDER_DETAIL (ORDER_DETAIL_ID,ORDER_NO,P_NAME,PRICE,ORDER_QTY,ORDER_SUBTOTAL) values (50094,'OD0012','Sea-Dweller',994,3,2982);
Insert into TEAMPROJECT.ORDER_DETAIL (ORDER_DETAIL_ID,ORDER_NO,P_NAME,PRICE,ORDER_QTY,ORDER_SUBTOTAL) values (50095,'OD0014','트랙수트 재킷',857,1,857);
Insert into TEAMPROJECT.ORDER_DETAIL (ORDER_DETAIL_ID,ORDER_NO,P_NAME,PRICE,ORDER_QTY,ORDER_SUBTOTAL) values (50096,'OD0022','프라다 리에디션 나일론 호보백',851,1,851);
Insert into TEAMPROJECT.ORDER_DETAIL (ORDER_DETAIL_ID,ORDER_NO,P_NAME,PRICE,ORDER_QTY,ORDER_SUBTOTAL) values (50097,'OD0027','빈티지 알함브라 네크리스',663,3,1989);
Insert into TEAMPROJECT.ORDER_DETAIL (ORDER_DETAIL_ID,ORDER_NO,P_NAME,PRICE,ORDER_QTY,ORDER_SUBTOTAL) values (50098,'OD0022','Explorer II',471,1,471);
Insert into TEAMPROJECT.ORDER_DETAIL (ORDER_DETAIL_ID,ORDER_NO,P_NAME,PRICE,ORDER_QTY,ORDER_SUBTOTAL) values (50099,'OD0045','5AC 마이크로 버킷 백',768,3,2304);
Insert into TEAMPROJECT.ORDER_DETAIL (ORDER_DETAIL_ID,ORDER_NO,P_NAME,PRICE,ORDER_QTY,ORDER_SUBTOTAL) values (50100,'OD0028','뻬를리 클로버 브레이슬릿',226,2,452);
Insert into TEAMPROJECT.ORDER_DETAIL (ORDER_DETAIL_ID,ORDER_NO,P_NAME,PRICE,ORDER_QTY,ORDER_SUBTOTAL) values (50101,'OD0009','baltimor 이탈리안 메이드 레더 트레이너',245,1,245);
Insert into TEAMPROJECT.ORDER_DETAIL (ORDER_DETAIL_ID,ORDER_NO,P_NAME,PRICE,ORDER_QTY,ORDER_SUBTOTAL) values (50102,'OD0010','트랙수트 재킷',857,3,2571);
Insert into TEAMPROJECT.ORDER_DETAIL (ORDER_DETAIL_ID,ORDER_NO,P_NAME,PRICE,ORDER_QTY,ORDER_SUBTOTAL) values (50103,'OD0027','Air-King',361,3,1083);
Insert into TEAMPROJECT.ORDER_DETAIL (ORDER_DETAIL_ID,ORDER_NO,P_NAME,PRICE,ORDER_QTY,ORDER_SUBTOTAL) values (50104,'OD0040','ROULIS 미니 백',103,1,103);
Insert into TEAMPROJECT.ORDER_DETAIL (ORDER_DETAIL_ID,ORDER_NO,P_NAME,PRICE,ORDER_QTY,ORDER_SUBTOTAL) values (50105,'OD0006','Sea-Dweller',994,2,1988);
Insert into TEAMPROJECT.ORDER_DETAIL (ORDER_DETAIL_ID,ORDER_NO,P_NAME,PRICE,ORDER_QTY,ORDER_SUBTOTAL) values (50106,'OD0037','오버사이즈 테크니컬 저지 재킷',291,2,582);
Insert into TEAMPROJECT.ORDER_DETAIL (ORDER_DETAIL_ID,ORDER_NO,P_NAME,PRICE,ORDER_QTY,ORDER_SUBTOTAL) values (50107,'OD0040','스트레치 개버딘 팬츠',256,1,256);
Insert into TEAMPROJECT.ORDER_DETAIL (ORDER_DETAIL_ID,ORDER_NO,P_NAME,PRICE,ORDER_QTY,ORDER_SUBTOTAL) values (50108,'OD0020','에크루 코튼 파유',421,2,842);
Insert into TEAMPROJECT.ORDER_DETAIL (ORDER_DETAIL_ID,ORDER_NO,P_NAME,PRICE,ORDER_QTY,ORDER_SUBTOTAL) values (50109,'OD0010','미디엄 퀼팅 타월링 롤라 백',494,2,988);
Insert into TEAMPROJECT.ORDER_DETAIL (ORDER_DETAIL_ID,ORDER_NO,P_NAME,PRICE,ORDER_QTY,ORDER_SUBTOTAL) values (50110,'OD0010','플라쥬 위커 캔버스 스몰 버킷백',150,1,150);
Insert into TEAMPROJECT.ORDER_DETAIL (ORDER_DETAIL_ID,ORDER_NO,P_NAME,PRICE,ORDER_QTY,ORDER_SUBTOTAL) values (50111,'OD0023','JADIOR 슬링백 펌프스',588,1,588);
Insert into TEAMPROJECT.ORDER_DETAIL (ORDER_DETAIL_ID,ORDER_NO,P_NAME,PRICE,ORDER_QTY,ORDER_SUBTOTAL) values (50112,'OD0044','유광 가죽 쇼츠',250,1,250);
Insert into TEAMPROJECT.ORDER_DETAIL (ORDER_DETAIL_ID,ORDER_NO,P_NAME,PRICE,ORDER_QTY,ORDER_SUBTOTAL) values (50113,'OD0039','모노그램 프린트 코튼 포플린 오버사이즈 셔츠',229,3,687);
Insert into TEAMPROJECT.ORDER_DETAIL (ORDER_DETAIL_ID,ORDER_NO,P_NAME,PRICE,ORDER_QTY,ORDER_SUBTOTAL) values (50114,'OD0033','미디엄 퀼팅 타월링 롤라 백',494,1,494);
Insert into TEAMPROJECT.ORDER_DETAIL (ORDER_DETAIL_ID,ORDER_NO,P_NAME,PRICE,ORDER_QTY,ORDER_SUBTOTAL) values (50115,'OD0030','rusty pocket washed denim pants',385,2,770);
Insert into TEAMPROJECT.ORDER_DETAIL (ORDER_DETAIL_ID,ORDER_NO,P_NAME,PRICE,ORDER_QTY,ORDER_SUBTOTAL) values (50116,'OD0030','불가리 맨 브리프케이스',989,2,1978);
Insert into TEAMPROJECT.ORDER_DETAIL (ORDER_DETAIL_ID,ORDER_NO,P_NAME,PRICE,ORDER_QTY,ORDER_SUBTOTAL) values (50117,'OD0006','패디드 테크 카세트백',311,3,933);
Insert into TEAMPROJECT.ORDER_DETAIL (ORDER_DETAIL_ID,ORDER_NO,P_NAME,PRICE,ORDER_QTY,ORDER_SUBTOTAL) values (50118,'OD0004','그레이 네임택 가죽 크로스백',232,3,696);
Insert into TEAMPROJECT.ORDER_DETAIL (ORDER_DETAIL_ID,ORDER_NO,P_NAME,PRICE,ORDER_QTY,ORDER_SUBTOTAL) values (50119,'OD0042','SUNSHINE 펜던트',403,3,1209);
Insert into TEAMPROJECT.ORDER_DETAIL (ORDER_DETAIL_ID,ORDER_NO,P_NAME,PRICE,ORDER_QTY,ORDER_SUBTOTAL) values (50120,'OD0003','PANI LA SHAR PAWNEE 리버서블 스카프 90',642,1,642);
Insert into TEAMPROJECT.ORDER_DETAIL (ORDER_DETAIL_ID,ORDER_NO,P_NAME,PRICE,ORDER_QTY,ORDER_SUBTOTAL) values (50121,'OD0049','1858 지오스피어',865,1,865);
Insert into TEAMPROJECT.ORDER_DETAIL (ORDER_DETAIL_ID,ORDER_NO,P_NAME,PRICE,ORDER_QTY,ORDER_SUBTOTAL) values (50122,'OD0037','스트레치 데님 미니 쇼츠',615,1,615);
Insert into TEAMPROJECT.ORDER_DETAIL (ORDER_DETAIL_ID,ORDER_NO,P_NAME,PRICE,ORDER_QTY,ORDER_SUBTOTAL) values (50123,'OD0027','오페라 레인 코트',964,3,2892);
Insert into TEAMPROJECT.ORDER_DETAIL (ORDER_DETAIL_ID,ORDER_NO,P_NAME,PRICE,ORDER_QTY,ORDER_SUBTOTAL) values (50124,'OD0050','아나이스 보우 펌프스',999,1,999);
Insert into TEAMPROJECT.ORDER_DETAIL (ORDER_DETAIL_ID,ORDER_NO,P_NAME,PRICE,ORDER_QTY,ORDER_SUBTOTAL) values (50125,'OD0014','라발리에르 넥 셔츠',103,1,103);
Insert into TEAMPROJECT.ORDER_DETAIL (ORDER_DETAIL_ID,ORDER_NO,P_NAME,PRICE,ORDER_QTY,ORDER_SUBTOTAL) values (50126,'OD0045','트리오페 미디움 숄더백',834,3,2502);
Insert into TEAMPROJECT.ORDER_DETAIL (ORDER_DETAIL_ID,ORDER_NO,P_NAME,PRICE,ORDER_QTY,ORDER_SUBTOTAL) values (50127,'OD0019','스트레치 데님 미니 쇼츠',615,1,615);
Insert into TEAMPROJECT.ORDER_DETAIL (ORDER_DETAIL_ID,ORDER_NO,P_NAME,PRICE,ORDER_QTY,ORDER_SUBTOTAL) values (50128,'OD0033','더플백',989,3,2967);
Insert into TEAMPROJECT.ORDER_DETAIL (ORDER_DETAIL_ID,ORDER_NO,P_NAME,PRICE,ORDER_QTY,ORDER_SUBTOTAL) values (50129,'OD0033','미디엄 퀼팅 타월링 롤라 백',494,2,988);
Insert into TEAMPROJECT.ORDER_DETAIL (ORDER_DETAIL_ID,ORDER_NO,P_NAME,PRICE,ORDER_QTY,ORDER_SUBTOTAL) values (50130,'OD0041','SUNSHINE 펜던트',403,2,806);
Insert into TEAMPROJECT.ORDER_DETAIL (ORDER_DETAIL_ID,ORDER_NO,P_NAME,PRICE,ORDER_QTY,ORDER_SUBTOTAL) values (50131,'OD0015','멀티포쉐트악세수아',486,1,486);
Insert into TEAMPROJECT.ORDER_DETAIL (ORDER_DETAIL_ID,ORDER_NO,P_NAME,PRICE,ORDER_QTY,ORDER_SUBTOTAL) values (50132,'OD0031','Brandenourge encardre 플리츠 스커트',722,3,2166);
Insert into TEAMPROJECT.ORDER_DETAIL (ORDER_DETAIL_ID,ORDER_NO,P_NAME,PRICE,ORDER_QTY,ORDER_SUBTOTAL) values (50133,'OD0037','백로고 프린트 후드티 블랙',501,3,1503);
Insert into TEAMPROJECT.ORDER_DETAIL (ORDER_DETAIL_ID,ORDER_NO,P_NAME,PRICE,ORDER_QTY,ORDER_SUBTOTAL) values (50134,'OD0031','발렌시아가 웨이브로고 캡',370,2,740);
Insert into TEAMPROJECT.ORDER_DETAIL (ORDER_DETAIL_ID,ORDER_NO,P_NAME,PRICE,ORDER_QTY,ORDER_SUBTOTAL) values (50135,'OD0038','네이비 패턴 울 수트자켓',624,3,1872);
Insert into TEAMPROJECT.ORDER_DETAIL (ORDER_DETAIL_ID,ORDER_NO,P_NAME,PRICE,ORDER_QTY,ORDER_SUBTOTAL) values (50136,'OD0001','네이비 패턴 울 수트자켓',624,2,1248);
Insert into TEAMPROJECT.ORDER_DETAIL (ORDER_DETAIL_ID,ORDER_NO,P_NAME,PRICE,ORDER_QTY,ORDER_SUBTOTAL) values (50137,'OD0023','체크 트러커 점퍼',784,1,784);
Insert into TEAMPROJECT.ORDER_DETAIL (ORDER_DETAIL_ID,ORDER_NO,P_NAME,PRICE,ORDER_QTY,ORDER_SUBTOTAL) values (50138,'OD0048','불가리 맨 메신저백',163,3,489);
Insert into TEAMPROJECT.ORDER_DETAIL (ORDER_DETAIL_ID,ORDER_NO,P_NAME,PRICE,ORDER_QTY,ORDER_SUBTOTAL) values (50139,'OD0030','더플백',989,1,989);
Insert into TEAMPROJECT.ORDER_DETAIL (ORDER_DETAIL_ID,ORDER_NO,P_NAME,PRICE,ORDER_QTY,ORDER_SUBTOTAL) values (50140,'OD0048','프렌치 커프스 포플린 셔츠',643,2,1286);
Insert into TEAMPROJECT.ORDER_DETAIL (ORDER_DETAIL_ID,ORDER_NO,P_NAME,PRICE,ORDER_QTY,ORDER_SUBTOTAL) values (50141,'OD0037','circle 로고 캔버스 캡모자',447,1,447);
Insert into TEAMPROJECT.ORDER_DETAIL (ORDER_DETAIL_ID,ORDER_NO,P_NAME,PRICE,ORDER_QTY,ORDER_SUBTOTAL) values (50142,'OD0025','롱 헤리티지 트렌치코드',111,3,333);
Insert into TEAMPROJECT.ORDER_DETAIL (ORDER_DETAIL_ID,ORDER_NO,P_NAME,PRICE,ORDER_QTY,ORDER_SUBTOTAL) values (50143,'OD0019','인트레치아토 크로스백',494,1,494);
Insert into TEAMPROJECT.ORDER_DETAIL (ORDER_DETAIL_ID,ORDER_NO,P_NAME,PRICE,ORDER_QTY,ORDER_SUBTOTAL) values (50144,'OD0008','트리오페 미디움 숄더백',834,2,1668);
Insert into TEAMPROJECT.ORDER_DETAIL (ORDER_DETAIL_ID,ORDER_NO,P_NAME,PRICE,ORDER_QTY,ORDER_SUBTOTAL) values (50145,'OD0027','circle 로고 캔버스 캡모자',447,1,447);
Insert into TEAMPROJECT.ORDER_DETAIL (ORDER_DETAIL_ID,ORDER_NO,P_NAME,PRICE,ORDER_QTY,ORDER_SUBTOTAL) values (50146,'OD0015','트랙수트 재킷',857,1,857);
Insert into TEAMPROJECT.ORDER_DETAIL (ORDER_DETAIL_ID,ORDER_NO,P_NAME,PRICE,ORDER_QTY,ORDER_SUBTOTAL) values (50147,'OD0037','마이크로 벨트백 블랙',114,3,342);
Insert into TEAMPROJECT.ORDER_DETAIL (ORDER_DETAIL_ID,ORDER_NO,P_NAME,PRICE,ORDER_QTY,ORDER_SUBTOTAL) values (50148,'OD0032','트리오페 레이스업 스니커즈',496,3,1488);
Insert into TEAMPROJECT.ORDER_DETAIL (ORDER_DETAIL_ID,ORDER_NO,P_NAME,PRICE,ORDER_QTY,ORDER_SUBTOTAL) values (50149,'OD0045','DIOR and SHAWN 시그니처 블랙',923,2,1846);
Insert into TEAMPROJECT.ORDER_DETAIL (ORDER_DETAIL_ID,ORDER_NO,P_NAME,PRICE,ORDER_QTY,ORDER_SUBTOTAL) values (50150,'OD0044','paddy 레이어드 메탈릭 로고 피케 폴로 셔츠',336,2,672);
Insert into TEAMPROJECT.ORDER_DETAIL (ORDER_DETAIL_ID,ORDER_NO,P_NAME,PRICE,ORDER_QTY,ORDER_SUBTOTAL) values (50151,'OD0002','네이비 패턴 울 수트자켓',624,3,1872);
Insert into TEAMPROJECT.ORDER_DETAIL (ORDER_DETAIL_ID,ORDER_NO,P_NAME,PRICE,ORDER_QTY,ORDER_SUBTOTAL) values (50152,'OD0027','플라쥬 위커 캔버스 스몰 버킷백',150,2,300);
Insert into TEAMPROJECT.ORDER_DETAIL (ORDER_DETAIL_ID,ORDER_NO,P_NAME,PRICE,ORDER_QTY,ORDER_SUBTOTAL) values (50153,'OD0026','TROPICAL LEAF 이어링',198,1,198);
Insert into TEAMPROJECT.ORDER_DETAIL (ORDER_DETAIL_ID,ORDER_NO,P_NAME,PRICE,ORDER_QTY,ORDER_SUBTOTAL) values (50154,'OD0026','옥토 피니씨모 워치',402,2,804);
Insert into TEAMPROJECT.ORDER_DETAIL (ORDER_DETAIL_ID,ORDER_NO,P_NAME,PRICE,ORDER_QTY,ORDER_SUBTOTAL) values (50155,'OD0032','ROULIS 미니 백',103,2,206);
Insert into TEAMPROJECT.ORDER_DETAIL (ORDER_DETAIL_ID,ORDER_NO,P_NAME,PRICE,ORDER_QTY,ORDER_SUBTOTAL) values (50156,'OD0025','프라다 리에디션 나일론 호보백',851,1,851);
Insert into TEAMPROJECT.ORDER_DETAIL (ORDER_DETAIL_ID,ORDER_NO,P_NAME,PRICE,ORDER_QTY,ORDER_SUBTOTAL) values (50157,'OD0001','세르펜티 링',457,3,1371);
Insert into TEAMPROJECT.ORDER_DETAIL (ORDER_DETAIL_ID,ORDER_NO,P_NAME,PRICE,ORDER_QTY,ORDER_SUBTOTAL) values (50158,'OD0007','마이스터스튁 르 쁘띠 프린스 두에 클래식',311,1,311);
Insert into TEAMPROJECT.ORDER_DETAIL (ORDER_DETAIL_ID,ORDER_NO,P_NAME,PRICE,ORDER_QTY,ORDER_SUBTOTAL) values (50159,'OD0013','에크루 코튼 파유',421,3,1263);
Insert into TEAMPROJECT.ORDER_DETAIL (ORDER_DETAIL_ID,ORDER_NO,P_NAME,PRICE,ORDER_QTY,ORDER_SUBTOTAL) values (50160,'OD0024','JADIOR 슬링백 펌프스',588,3,1764);
Insert into TEAMPROJECT.ORDER_DETAIL (ORDER_DETAIL_ID,ORDER_NO,P_NAME,PRICE,ORDER_QTY,ORDER_SUBTOTAL) values (50161,'OD0002','SEERSUCKER CO TC',496,2,992);
Insert into TEAMPROJECT.ORDER_DETAIL (ORDER_DETAIL_ID,ORDER_NO,P_NAME,PRICE,ORDER_QTY,ORDER_SUBTOTAL) values (50162,'OD0036','모노그램 프린트 코튼 포플린 오버사이즈 셔츠',229,1,229);
Insert into TEAMPROJECT.ORDER_DETAIL (ORDER_DETAIL_ID,ORDER_NO,P_NAME,PRICE,ORDER_QTY,ORDER_SUBTOTAL) values (50163,'OD0027','루스 테크니컬 저지 조깅 팬츠',297,2,594);
Insert into TEAMPROJECT.ORDER_DETAIL (ORDER_DETAIL_ID,ORDER_NO,P_NAME,PRICE,ORDER_QTY,ORDER_SUBTOTAL) values (50164,'OD0023','오버사이즈 테크니컬 저지 재킷',291,3,873);
Insert into TEAMPROJECT.ORDER_DETAIL (ORDER_DETAIL_ID,ORDER_NO,P_NAME,PRICE,ORDER_QTY,ORDER_SUBTOTAL) values (50165,'OD0033','아나이스 보우 펌프스',999,3,2997);
Insert into TEAMPROJECT.ORDER_DETAIL (ORDER_DETAIL_ID,ORDER_NO,P_NAME,PRICE,ORDER_QTY,ORDER_SUBTOTAL) values (50166,'OD0046','펀치 홀 트렌치 코트',697,2,1394);
Insert into TEAMPROJECT.ORDER_DETAIL (ORDER_DETAIL_ID,ORDER_NO,P_NAME,PRICE,ORDER_QTY,ORDER_SUBTOTAL) values (50167,'OD0030','블랙 가죽 심플 미니 클러치백',676,3,2028);
Insert into TEAMPROJECT.ORDER_DETAIL (ORDER_DETAIL_ID,ORDER_NO,P_NAME,PRICE,ORDER_QTY,ORDER_SUBTOTAL) values (50168,'OD0038','Sea-Dweller',994,1,994);
Insert into TEAMPROJECT.ORDER_DETAIL (ORDER_DETAIL_ID,ORDER_NO,P_NAME,PRICE,ORDER_QTY,ORDER_SUBTOTAL) values (50169,'OD0037','발렌시아가 웨이브로고 캡',370,1,370);
Insert into TEAMPROJECT.ORDER_DETAIL (ORDER_DETAIL_ID,ORDER_NO,P_NAME,PRICE,ORDER_QTY,ORDER_SUBTOTAL) values (50170,'OD0042','트리오페 카바스 버티컬 토드백',536,3,1608);
Insert into TEAMPROJECT.ORDER_DETAIL (ORDER_DETAIL_ID,ORDER_NO,P_NAME,PRICE,ORDER_QTY,ORDER_SUBTOTAL) values (50171,'OD0006','불가리 맨 브리프케이스',989,3,2967);
Insert into TEAMPROJECT.ORDER_DETAIL (ORDER_DETAIL_ID,ORDER_NO,P_NAME,PRICE,ORDER_QTY,ORDER_SUBTOTAL) values (50172,'OD0044','블랙 가죽 심플 미니 클러치백',676,1,676);
Insert into TEAMPROJECT.ORDER_DETAIL (ORDER_DETAIL_ID,ORDER_NO,P_NAME,PRICE,ORDER_QTY,ORDER_SUBTOTAL) values (50173,'OD0019','GG 캔버스 야구모자',212,2,424);
Insert into TEAMPROJECT.ORDER_DETAIL (ORDER_DETAIL_ID,ORDER_NO,P_NAME,PRICE,ORDER_QTY,ORDER_SUBTOTAL) values (50174,'OD0032','빈티지 알함브라 네크리스',663,3,1989);
Insert into TEAMPROJECT.ORDER_DETAIL (ORDER_DETAIL_ID,ORDER_NO,P_NAME,PRICE,ORDER_QTY,ORDER_SUBTOTAL) values (50175,'OD0031','마이스터스튁 르 쁘띠 프린스 두에 클래식',311,2,622);
Insert into TEAMPROJECT.ORDER_DETAIL (ORDER_DETAIL_ID,ORDER_NO,P_NAME,PRICE,ORDER_QTY,ORDER_SUBTOTAL) values (50176,'OD0042','프라다 리에디션 나일론 호보백',851,1,851);
Insert into TEAMPROJECT.ORDER_DETAIL (ORDER_DETAIL_ID,ORDER_NO,P_NAME,PRICE,ORDER_QTY,ORDER_SUBTOTAL) values (50177,'OD0031','DIOR and SHAWN 시그니처 블랙',923,1,923);
Insert into TEAMPROJECT.ORDER_DETAIL (ORDER_DETAIL_ID,ORDER_NO,P_NAME,PRICE,ORDER_QTY,ORDER_SUBTOTAL) values (50178,'OD0032','에크루 코튼 파유',421,3,1263);
Insert into TEAMPROJECT.ORDER_DETAIL (ORDER_DETAIL_ID,ORDER_NO,P_NAME,PRICE,ORDER_QTY,ORDER_SUBTOTAL) values (50179,'OD0020','TROPICAL PARROT 이어링',989,3,2967);
Insert into TEAMPROJECT.ORDER_DETAIL (ORDER_DETAIL_ID,ORDER_NO,P_NAME,PRICE,ORDER_QTY,ORDER_SUBTOTAL) values (50180,'OD0038','MEMBRANA 3L WITH DUST COLOUR FINISH',623,1,623);
Insert into TEAMPROJECT.ORDER_DETAIL (ORDER_DETAIL_ID,ORDER_NO,P_NAME,PRICE,ORDER_QTY,ORDER_SUBTOTAL) values (50181,'OD0034','paule 슬림핏 스트라이프 슬리브 폴로 셔츠',339,1,339);
Insert into TEAMPROJECT.ORDER_DETAIL (ORDER_DETAIL_ID,ORDER_NO,P_NAME,PRICE,ORDER_QTY,ORDER_SUBTOTAL) values (50182,'OD0008','더플백',989,1,989);
Insert into TEAMPROJECT.ORDER_DETAIL (ORDER_DETAIL_ID,ORDER_NO,P_NAME,PRICE,ORDER_QTY,ORDER_SUBTOTAL) values (50183,'OD0044','TROPICAL LEAF 이어링',198,2,396);
Insert into TEAMPROJECT.ORDER_DETAIL (ORDER_DETAIL_ID,ORDER_NO,P_NAME,PRICE,ORDER_QTY,ORDER_SUBTOTAL) values (50184,'OD0004','rusty pocket washed denim pants',385,3,1155);
Insert into TEAMPROJECT.ORDER_DETAIL (ORDER_DETAIL_ID,ORDER_NO,P_NAME,PRICE,ORDER_QTY,ORDER_SUBTOTAL) values (50185,'OD0043','오버사이즈 테크니컬 저지 재킷',291,3,873);
Insert into TEAMPROJECT.ORDER_DETAIL (ORDER_DETAIL_ID,ORDER_NO,P_NAME,PRICE,ORDER_QTY,ORDER_SUBTOTAL) values (50186,'OD0002','브라운 체크 배색 그립백',653,3,1959);
Insert into TEAMPROJECT.ORDER_DETAIL (ORDER_DETAIL_ID,ORDER_NO,P_NAME,PRICE,ORDER_QTY,ORDER_SUBTOTAL) values (50187,'OD0046','빅토리안 인스파이어드 플로럴 블라우스 위드 레이스 디테일',483,2,966);
Insert into TEAMPROJECT.ORDER_DETAIL (ORDER_DETAIL_ID,ORDER_NO,P_NAME,PRICE,ORDER_QTY,ORDER_SUBTOTAL) values (50188,'OD0016','불가리 맨 브리프케이스',989,1,989);
Insert into TEAMPROJECT.ORDER_DETAIL (ORDER_DETAIL_ID,ORDER_NO,P_NAME,PRICE,ORDER_QTY,ORDER_SUBTOTAL) values (50189,'OD0028','SUNSHINE 펜던트',403,3,1209);
Insert into TEAMPROJECT.ORDER_DETAIL (ORDER_DETAIL_ID,ORDER_NO,P_NAME,PRICE,ORDER_QTY,ORDER_SUBTOTAL) values (50190,'OD0044','마이 몽블랑 나이트플라이트 플랩 백팩 미디움',538,2,1076);
Insert into TEAMPROJECT.ORDER_DETAIL (ORDER_DETAIL_ID,ORDER_NO,P_NAME,PRICE,ORDER_QTY,ORDER_SUBTOTAL) values (50191,'OD0024','버튼 칼라 빕 블라우스',896,2,1792);
Insert into TEAMPROJECT.ORDER_DETAIL (ORDER_DETAIL_ID,ORDER_NO,P_NAME,PRICE,ORDER_QTY,ORDER_SUBTOTAL) values (50192,'OD0039','마이크로 벨트백 블랙',114,3,342);
Insert into TEAMPROJECT.ORDER_DETAIL (ORDER_DETAIL_ID,ORDER_NO,P_NAME,PRICE,ORDER_QTY,ORDER_SUBTOTAL) values (50193,'OD0010','Sea-Dweller',994,1,994);
Insert into TEAMPROJECT.ORDER_DETAIL (ORDER_DETAIL_ID,ORDER_NO,P_NAME,PRICE,ORDER_QTY,ORDER_SUBTOTAL) values (50194,'OD0008','paddy 레이어드 메탈릭 로고 피케 폴로 셔츠',336,1,336);
Insert into TEAMPROJECT.ORDER_DETAIL (ORDER_DETAIL_ID,ORDER_NO,P_NAME,PRICE,ORDER_QTY,ORDER_SUBTOTAL) values (50195,'OD0040','슬래시 디테일 데님 진',210,2,420);
Insert into TEAMPROJECT.ORDER_DETAIL (ORDER_DETAIL_ID,ORDER_NO,P_NAME,PRICE,ORDER_QTY,ORDER_SUBTOTAL) values (50196,'OD0017','미니 투톤 캔버스 레더 포켓백',653,3,1959);
Insert into TEAMPROJECT.ORDER_DETAIL (ORDER_DETAIL_ID,ORDER_NO,P_NAME,PRICE,ORDER_QTY,ORDER_SUBTOTAL) values (50197,'OD0047','세르펜티 링',457,1,457);
Insert into TEAMPROJECT.ORDER_DETAIL (ORDER_DETAIL_ID,ORDER_NO,P_NAME,PRICE,ORDER_QTY,ORDER_SUBTOTAL) values (50198,'OD0045','SUNSHINE 펜던트',403,2,806);
Insert into TEAMPROJECT.ORDER_DETAIL (ORDER_DETAIL_ID,ORDER_NO,P_NAME,PRICE,ORDER_QTY,ORDER_SUBTOTAL) values (50199,'OD0036','불가리 맨 메신저백',163,3,489);
Insert into TEAMPROJECT.ORDER_DETAIL (ORDER_DETAIL_ID,ORDER_NO,P_NAME,PRICE,ORDER_QTY,ORDER_SUBTOTAL) values (50200,'OD0009','멀티포쉐트악세수아',486,3,1458);
REM INSERTING into TEAMPROJECT.ORDERLIST
SET DEFINE OFF;
Insert into TEAMPROJECT.ORDERLIST (ORDER_NO,ID,ORDER_DATE,ORDER_TOTAL,PAYMENT,D_NAME) values ('OD0001','sist41',to_date('19/08/31','RR/MM/DD'),7714,'무통장입금','우체국택배');
Insert into TEAMPROJECT.ORDERLIST (ORDER_NO,ID,ORDER_DATE,ORDER_TOTAL,PAYMENT,D_NAME) values ('OD0002','sist48',to_date('20/02/12','RR/MM/DD'),7159,'무통장입금','한진택배');
Insert into TEAMPROJECT.ORDERLIST (ORDER_NO,ID,ORDER_DATE,ORDER_TOTAL,PAYMENT,D_NAME) values ('OD0003','sist50',to_date('20/06/26','RR/MM/DD'),1338,'무통장입금','현대택배');
Insert into TEAMPROJECT.ORDERLIST (ORDER_NO,ID,ORDER_DATE,ORDER_TOTAL,PAYMENT,D_NAME) values ('OD0004','sist46',to_date('19/05/12','RR/MM/DD'),4710,'카드','우체국택배');
Insert into TEAMPROJECT.ORDERLIST (ORDER_NO,ID,ORDER_DATE,ORDER_TOTAL,PAYMENT,D_NAME) values ('OD0005','sist36',to_date('20/02/14','RR/MM/DD'),3002,'상품권','로젠택배');
Insert into TEAMPROJECT.ORDERLIST (ORDER_NO,ID,ORDER_DATE,ORDER_TOTAL,PAYMENT,D_NAME) values ('OD0006','sist41',to_date('19/08/16','RR/MM/DD'),8014,'무통장입금','우체국택배');
Insert into TEAMPROJECT.ORDERLIST (ORDER_NO,ID,ORDER_DATE,ORDER_TOTAL,PAYMENT,D_NAME) values ('OD0007','sist39',to_date('19/04/09','RR/MM/DD'),2048,'계좌이체','우체국택배');
Insert into TEAMPROJECT.ORDERLIST (ORDER_NO,ID,ORDER_DATE,ORDER_TOTAL,PAYMENT,D_NAME) values ('OD0008','sist25',to_date('20/06/04','RR/MM/DD'),4981,'상품권','한진택배');
Insert into TEAMPROJECT.ORDERLIST (ORDER_NO,ID,ORDER_DATE,ORDER_TOTAL,PAYMENT,D_NAME) values ('OD0009','sist38',to_date('20/02/23','RR/MM/DD'),6926,'카드','현대택배');
Insert into TEAMPROJECT.ORDERLIST (ORDER_NO,ID,ORDER_DATE,ORDER_TOTAL,PAYMENT,D_NAME) values ('OD0010','sist07',to_date('19/08/04','RR/MM/DD'),5427,'전자결제','우체국택배');
Insert into TEAMPROJECT.ORDERLIST (ORDER_NO,ID,ORDER_DATE,ORDER_TOTAL,PAYMENT,D_NAME) values ('OD0011','sist29',to_date('19/07/28','RR/MM/DD'),1272,'카드','우체국택배');
Insert into TEAMPROJECT.ORDERLIST (ORDER_NO,ID,ORDER_DATE,ORDER_TOTAL,PAYMENT,D_NAME) values ('OD0012','sist32',to_date('19/02/25','RR/MM/DD'),2982,'전자결제','한진택배');
Insert into TEAMPROJECT.ORDERLIST (ORDER_NO,ID,ORDER_DATE,ORDER_TOTAL,PAYMENT,D_NAME) values ('OD0013','sist44',to_date('20/04/11','RR/MM/DD'),4487,'전자결제','한진택배');
Insert into TEAMPROJECT.ORDERLIST (ORDER_NO,ID,ORDER_DATE,ORDER_TOTAL,PAYMENT,D_NAME) values ('OD0014','sist20',to_date('19/12/09','RR/MM/DD'),6447,'카드','CJ대한통운');
Insert into TEAMPROJECT.ORDERLIST (ORDER_NO,ID,ORDER_DATE,ORDER_TOTAL,PAYMENT,D_NAME) values ('OD0015','sist42',to_date('19/09/14','RR/MM/DD'),4071,'계좌이체','현대택배');
Insert into TEAMPROJECT.ORDERLIST (ORDER_NO,ID,ORDER_DATE,ORDER_TOTAL,PAYMENT,D_NAME) values ('OD0016','sist30',to_date('19/07/21','RR/MM/DD'),1187,'상품권','한진택배');
Insert into TEAMPROJECT.ORDERLIST (ORDER_NO,ID,ORDER_DATE,ORDER_TOTAL,PAYMENT,D_NAME) values ('OD0017','sist03',to_date('19/08/21','RR/MM/DD'),4554,'무통장입금','CJ대한통운');
Insert into TEAMPROJECT.ORDERLIST (ORDER_NO,ID,ORDER_DATE,ORDER_TOTAL,PAYMENT,D_NAME) values ('OD0018','sist27',to_date('19/12/08','RR/MM/DD'),3537,'전자결제','우체국택배');
Insert into TEAMPROJECT.ORDERLIST (ORDER_NO,ID,ORDER_DATE,ORDER_TOTAL,PAYMENT,D_NAME) values ('OD0019','sist02',to_date('19/10/27','RR/MM/DD'),4726,'상품권','한진택배');
Insert into TEAMPROJECT.ORDERLIST (ORDER_NO,ID,ORDER_DATE,ORDER_TOTAL,PAYMENT,D_NAME) values ('OD0020','sist12',to_date('19/03/10','RR/MM/DD'),5543,'계좌이체','한진택배');
Insert into TEAMPROJECT.ORDERLIST (ORDER_NO,ID,ORDER_DATE,ORDER_TOTAL,PAYMENT,D_NAME) values ('OD0021','sist43',to_date('20/05/08','RR/MM/DD'),3373,'무통장입금','현대택배');
Insert into TEAMPROJECT.ORDERLIST (ORDER_NO,ID,ORDER_DATE,ORDER_TOTAL,PAYMENT,D_NAME) values ('OD0022','sist22',to_date('19/05/21','RR/MM/DD'),1322,'상품권','한진택배');
Insert into TEAMPROJECT.ORDERLIST (ORDER_NO,ID,ORDER_DATE,ORDER_TOTAL,PAYMENT,D_NAME) values ('OD0023','sist47',to_date('19/08/27','RR/MM/DD'),3879,'계좌이체','우체국택배');
Insert into TEAMPROJECT.ORDERLIST (ORDER_NO,ID,ORDER_DATE,ORDER_TOTAL,PAYMENT,D_NAME) values ('OD0024','sist49',to_date('19/11/02','RR/MM/DD'),4395,'계좌이체','우체국택배');
Insert into TEAMPROJECT.ORDERLIST (ORDER_NO,ID,ORDER_DATE,ORDER_TOTAL,PAYMENT,D_NAME) values ('OD0025','sist39',to_date('19/03/01','RR/MM/DD'),3182,'무통장입금','우체국택배');
Insert into TEAMPROJECT.ORDERLIST (ORDER_NO,ID,ORDER_DATE,ORDER_TOTAL,PAYMENT,D_NAME) values ('OD0026','sist28',to_date('20/02/21','RR/MM/DD'),1740,'전자결제','로젠택배');
Insert into TEAMPROJECT.ORDERLIST (ORDER_NO,ID,ORDER_DATE,ORDER_TOTAL,PAYMENT,D_NAME) values ('OD0027','sist23',to_date('19/07/11','RR/MM/DD'),13856,'무통장입금','로젠택배');
Insert into TEAMPROJECT.ORDERLIST (ORDER_NO,ID,ORDER_DATE,ORDER_TOTAL,PAYMENT,D_NAME) values ('OD0028','sist14',to_date('19/02/02','RR/MM/DD'),6612,'무통장입금','CJ대한통운');
Insert into TEAMPROJECT.ORDERLIST (ORDER_NO,ID,ORDER_DATE,ORDER_TOTAL,PAYMENT,D_NAME) values ('OD0029','sist21',to_date('19/03/28','RR/MM/DD'),4456,'전자결제','우체국택배');
Insert into TEAMPROJECT.ORDERLIST (ORDER_NO,ID,ORDER_DATE,ORDER_TOTAL,PAYMENT,D_NAME) values ('OD0030','sist43',to_date('19/09/01','RR/MM/DD'),6107,'카드','현대택배');
Insert into TEAMPROJECT.ORDERLIST (ORDER_NO,ID,ORDER_DATE,ORDER_TOTAL,PAYMENT,D_NAME) values ('OD0031','sist15',to_date('19/02/23','RR/MM/DD'),6515,'카드','로젠택배');
Insert into TEAMPROJECT.ORDERLIST (ORDER_NO,ID,ORDER_DATE,ORDER_TOTAL,PAYMENT,D_NAME) values ('OD0032','sist13',to_date('19/07/05','RR/MM/DD'),5243,'계좌이체','우체국택배');
Insert into TEAMPROJECT.ORDERLIST (ORDER_NO,ID,ORDER_DATE,ORDER_TOTAL,PAYMENT,D_NAME) values ('OD0033','sist02',to_date('19/08/20','RR/MM/DD'),10731,'계좌이체','한진택배');
Insert into TEAMPROJECT.ORDERLIST (ORDER_NO,ID,ORDER_DATE,ORDER_TOTAL,PAYMENT,D_NAME) values ('OD0034','sist10',to_date('19/04/09','RR/MM/DD'),2061,'상품권','한진택배');
Insert into TEAMPROJECT.ORDERLIST (ORDER_NO,ID,ORDER_DATE,ORDER_TOTAL,PAYMENT,D_NAME) values ('OD0035','sist12',to_date('20/04/15','RR/MM/DD'),2991,'카드','한진택배');
Insert into TEAMPROJECT.ORDERLIST (ORDER_NO,ID,ORDER_DATE,ORDER_TOTAL,PAYMENT,D_NAME) values ('OD0036','sist05',to_date('19/02/05','RR/MM/DD'),1384,'카드','CJ대한통운');
Insert into TEAMPROJECT.ORDERLIST (ORDER_NO,ID,ORDER_DATE,ORDER_TOTAL,PAYMENT,D_NAME) values ('OD0037','sist12',to_date('19/08/29','RR/MM/DD'),4185,'무통장입금','한진택배');
Insert into TEAMPROJECT.ORDERLIST (ORDER_NO,ID,ORDER_DATE,ORDER_TOTAL,PAYMENT,D_NAME) values ('OD0038','sist04',to_date('19/07/08','RR/MM/DD'),5322,'계좌이체','로젠택배');
Insert into TEAMPROJECT.ORDERLIST (ORDER_NO,ID,ORDER_DATE,ORDER_TOTAL,PAYMENT,D_NAME) values ('OD0039','sist01',to_date('19/10/05','RR/MM/DD'),1797,'전자결제','한진택배');
Insert into TEAMPROJECT.ORDERLIST (ORDER_NO,ID,ORDER_DATE,ORDER_TOTAL,PAYMENT,D_NAME) values ('OD0040','sist43',to_date('19/12/10','RR/MM/DD'),3338,'전자결제','현대택배');
Insert into TEAMPROJECT.ORDERLIST (ORDER_NO,ID,ORDER_DATE,ORDER_TOTAL,PAYMENT,D_NAME) values ('OD0041','sist05',to_date('19/05/12','RR/MM/DD'),2657,'계좌이체','CJ대한통운');
Insert into TEAMPROJECT.ORDERLIST (ORDER_NO,ID,ORDER_DATE,ORDER_TOTAL,PAYMENT,D_NAME) values ('OD0042','sist30',to_date('19/01/27','RR/MM/DD'),5554,'전자결제','한진택배');
Insert into TEAMPROJECT.ORDERLIST (ORDER_NO,ID,ORDER_DATE,ORDER_TOTAL,PAYMENT,D_NAME) values ('OD0043','sist34',to_date('19/04/30','RR/MM/DD'),1153,'상품권','현대택배');
Insert into TEAMPROJECT.ORDERLIST (ORDER_NO,ID,ORDER_DATE,ORDER_TOTAL,PAYMENT,D_NAME) values ('OD0044','sist34',to_date('19/11/22','RR/MM/DD'),5315,'계좌이체','현대택배');
Insert into TEAMPROJECT.ORDERLIST (ORDER_NO,ID,ORDER_DATE,ORDER_TOTAL,PAYMENT,D_NAME) values ('OD0045','sist10',to_date('20/05/30','RR/MM/DD'),11171,'카드','한진택배');
Insert into TEAMPROJECT.ORDERLIST (ORDER_NO,ID,ORDER_DATE,ORDER_TOTAL,PAYMENT,D_NAME) values ('OD0046','sist41',to_date('19/10/22','RR/MM/DD'),3896,'카드','우체국택배');
Insert into TEAMPROJECT.ORDERLIST (ORDER_NO,ID,ORDER_DATE,ORDER_TOTAL,PAYMENT,D_NAME) values ('OD0047','sist21',to_date('19/01/21','RR/MM/DD'),4780,'카드','우체국택배');
Insert into TEAMPROJECT.ORDERLIST (ORDER_NO,ID,ORDER_DATE,ORDER_TOTAL,PAYMENT,D_NAME) values ('OD0048','sist01',to_date('20/03/06','RR/MM/DD'),4662,'계좌이체','한진택배');
Insert into TEAMPROJECT.ORDERLIST (ORDER_NO,ID,ORDER_DATE,ORDER_TOTAL,PAYMENT,D_NAME) values ('OD0049','sist05',to_date('19/02/18','RR/MM/DD'),1897,'무통장입금','CJ대한통운');
Insert into TEAMPROJECT.ORDERLIST (ORDER_NO,ID,ORDER_DATE,ORDER_TOTAL,PAYMENT,D_NAME) values ('OD0050','sist44',to_date('19/10/05','RR/MM/DD'),4209,'카드','한진택배');
REM INSERTING into TEAMPROJECT.PRODUCT
SET DEFINE OFF;
Insert into TEAMPROJECT.PRODUCT (P_CODE,P_NAME,B_CODE,C_CODE,PRICE) values ('BABO001','스트레치 개버딘 팬츠','BA001919','BO',256);
Insert into TEAMPROJECT.PRODUCT (P_CODE,P_NAME,B_CODE,C_CODE,PRICE) values ('BAHA001','발렌시아가 웨이브로고 캡','BA001919','HA',370);
Insert into TEAMPROJECT.PRODUCT (P_CODE,P_NAME,B_CODE,C_CODE,PRICE) values ('BAOU001','트랙수트 재킷','BA001919','OU',857);
Insert into TEAMPROJECT.PRODUCT (P_CODE,P_NAME,B_CODE,C_CODE,PRICE) values ('BAOU002','오페라 레인 코트','BA001919','OU',964);
Insert into TEAMPROJECT.PRODUCT (P_CODE,P_NAME,B_CODE,C_CODE,PRICE) values ('BASH001','트리플S 트레이너','BA001919','SH',865);
Insert into TEAMPROJECT.PRODUCT (P_CODE,P_NAME,B_CODE,C_CODE,PRICE) values ('BBAC001','몽키 프린트 실크 스퀘어 스카프','BB001856','AC',714);
Insert into TEAMPROJECT.PRODUCT (P_CODE,P_NAME,B_CODE,C_CODE,PRICE) values ('BBBA001','미니 투톤 캔버스 레더 포켓백','BB001856','BA',653);
Insert into TEAMPROJECT.PRODUCT (P_CODE,P_NAME,B_CODE,C_CODE,PRICE) values ('BBBA002','미디엄 퀼팅 타월링 롤라 백','BB001856','BA',494);
Insert into TEAMPROJECT.PRODUCT (P_CODE,P_NAME,B_CODE,C_CODE,PRICE) values ('BBOU001','롱 헤리티지 트렌치코드','BB001856','OU',111);
Insert into TEAMPROJECT.PRODUCT (P_CODE,P_NAME,B_CODE,C_CODE,PRICE) values ('BBTO001','모노그램 프린트 코튼 포플린 오버사이즈 셔츠','BB001856','TO',229);
Insert into TEAMPROJECT.PRODUCT (P_CODE,P_NAME,B_CODE,C_CODE,PRICE) values ('BOBA001','더플백','BO001966','BA',989);
Insert into TEAMPROJECT.PRODUCT (P_CODE,P_NAME,B_CODE,C_CODE,PRICE) values ('BOBA002','인트레치아토 크로스백','BO001966','BA',494);
Insert into TEAMPROJECT.PRODUCT (P_CODE,P_NAME,B_CODE,C_CODE,PRICE) values ('BOBA003','패디드 테크 카세트백','BO001966','BA',311);
Insert into TEAMPROJECT.PRODUCT (P_CODE,P_NAME,B_CODE,C_CODE,PRICE) values ('BOBO001','유광 가죽 쇼츠','BO001966','BO',250);
Insert into TEAMPROJECT.PRODUCT (P_CODE,P_NAME,B_CODE,C_CODE,PRICE) values ('BOOU001','더블 메탈 버튼 재킷','BO001966','OU',682);
Insert into TEAMPROJECT.PRODUCT (P_CODE,P_NAME,B_CODE,C_CODE,PRICE) values ('BVAC001','세르펜티 링','BV001884','AC',457);
Insert into TEAMPROJECT.PRODUCT (P_CODE,P_NAME,B_CODE,C_CODE,PRICE) values ('BVAC002','옥토 피니씨모 워치','BV001884','AC',402);
Insert into TEAMPROJECT.PRODUCT (P_CODE,P_NAME,B_CODE,C_CODE,PRICE) values ('BVBA001','불가리 맨 브리프케이스','BV001884','BA',989);
Insert into TEAMPROJECT.PRODUCT (P_CODE,P_NAME,B_CODE,C_CODE,PRICE) values ('BVBA002','불가리 맨 메신저백','BV001884','BA',163);
Insert into TEAMPROJECT.PRODUCT (P_CODE,P_NAME,B_CODE,C_CODE,PRICE) values ('BVBA003','세르펜티 포에버 숄더백','BV001884','BA',333);
Insert into TEAMPROJECT.PRODUCT (P_CODE,P_NAME,B_CODE,C_CODE,PRICE) values ('CEBA001','트리오페 미디움 숄더백','CE001945','BA',834);
Insert into TEAMPROJECT.PRODUCT (P_CODE,P_NAME,B_CODE,C_CODE,PRICE) values ('CEBA002','트리오페 카바스 버티컬 토드백','CE001945','BA',536);
Insert into TEAMPROJECT.PRODUCT (P_CODE,P_NAME,B_CODE,C_CODE,PRICE) values ('CEBA003','마이크로 벨트백 블랙','CE001945','BA',114);
Insert into TEAMPROJECT.PRODUCT (P_CODE,P_NAME,B_CODE,C_CODE,PRICE) values ('CESH001','트리오페 레이스업 스니커즈','CE001945','SH',496);
Insert into TEAMPROJECT.PRODUCT (P_CODE,P_NAME,B_CODE,C_CODE,PRICE) values ('CETO001','백로고 프린트 후드티 블랙','CE001945','TO',501);
Insert into TEAMPROJECT.PRODUCT (P_CODE,P_NAME,B_CODE,C_CODE,PRICE) values ('CMBO001','rusty pocket washed denim pants','CM001994','BO',385);
Insert into TEAMPROJECT.PRODUCT (P_CODE,P_NAME,B_CODE,C_CODE,PRICE) values ('CMOU001','cashmere wool belted coat','CM001994','OU',176);
Insert into TEAMPROJECT.PRODUCT (P_CODE,P_NAME,B_CODE,C_CODE,PRICE) values ('CMOU002','ethan goose down liner coat','CM001994','OU',677);
Insert into TEAMPROJECT.PRODUCT (P_CODE,P_NAME,B_CODE,C_CODE,PRICE) values ('CMOU003','체크 트러커 점퍼','CM001994','OU',784);
Insert into TEAMPROJECT.PRODUCT (P_CODE,P_NAME,B_CODE,C_CODE,PRICE) values ('CMTO001','sailor collar 3/4 shirt','CM001994','TO',806);
Insert into TEAMPROJECT.PRODUCT (P_CODE,P_NAME,B_CODE,C_CODE,PRICE) values ('DOBA001','DIOR and SHAWN 시그니처 블랙','DO001946','BA',923);
Insert into TEAMPROJECT.PRODUCT (P_CODE,P_NAME,B_CODE,C_CODE,PRICE) values ('DOBO001','에크루 코튼 파유','DO001946','BO',421);
Insert into TEAMPROJECT.PRODUCT (P_CODE,P_NAME,B_CODE,C_CODE,PRICE) values ('DOSH001','JADIOR 슬링백 펌프스','DO001946','SH',588);
Insert into TEAMPROJECT.PRODUCT (P_CODE,P_NAME,B_CODE,C_CODE,PRICE) values ('DOSH002','DIOR EXPLORER 앵클부츠','DO001946','SH',918);
Insert into TEAMPROJECT.PRODUCT (P_CODE,P_NAME,B_CODE,C_CODE,PRICE) values ('DOTO001','버튼 칼라 빕 블라우스','DO001946','TO',896);
Insert into TEAMPROJECT.PRODUCT (P_CODE,P_NAME,B_CODE,C_CODE,PRICE) values ('DSBA001','브라운 체크 배색 그립백','DS001894','BA',653);
Insert into TEAMPROJECT.PRODUCT (P_CODE,P_NAME,B_CODE,C_CODE,PRICE) values ('DSBA002','블랙 체크 폴더블 경량 보스턴백','DS001894','BA',827);
Insert into TEAMPROJECT.PRODUCT (P_CODE,P_NAME,B_CODE,C_CODE,PRICE) values ('DSBA003','블랙 가죽 심플 미니 클러치백','DS001894','BA',676);
Insert into TEAMPROJECT.PRODUCT (P_CODE,P_NAME,B_CODE,C_CODE,PRICE) values ('DSBA004','그레이 네임택 가죽 크로스백','DS001894','BA',232);
Insert into TEAMPROJECT.PRODUCT (P_CODE,P_NAME,B_CODE,C_CODE,PRICE) values ('DSOU001','네이비 패턴 울 수트자켓','DS001894','OU',624);
Insert into TEAMPROJECT.PRODUCT (P_CODE,P_NAME,B_CODE,C_CODE,PRICE) values ('GGBA001','홀스빗 1955 숄더백','GG001921','BA',839);
Insert into TEAMPROJECT.PRODUCT (P_CODE,P_NAME,B_CODE,C_CODE,PRICE) values ('GGBO001','루스 테크니컬 저지 조깅 팬츠','GG001921','BO',297);
Insert into TEAMPROJECT.PRODUCT (P_CODE,P_NAME,B_CODE,C_CODE,PRICE) values ('GGBO002','스트라이프 울 실크 테일러드 팬츠','GG001921','BO',105);
Insert into TEAMPROJECT.PRODUCT (P_CODE,P_NAME,B_CODE,C_CODE,PRICE) values ('GGHA001','GG 캔버스 야구모자','GG001921','HA',212);
Insert into TEAMPROJECT.PRODUCT (P_CODE,P_NAME,B_CODE,C_CODE,PRICE) values ('GGOU001','오버사이즈 테크니컬 저지 재킷','GG001921','OU',291);
Insert into TEAMPROJECT.PRODUCT (P_CODE,P_NAME,B_CODE,C_CODE,PRICE) values ('HBHA001','circle 로고 캔버스 캡모자','HB001924','HA',447);
Insert into TEAMPROJECT.PRODUCT (P_CODE,P_NAME,B_CODE,C_CODE,PRICE) values ('HBOU001','matek 그라인드 나파 가죽 봄버 재킷','HB001924','OU',879);
Insert into TEAMPROJECT.PRODUCT (P_CODE,P_NAME,B_CODE,C_CODE,PRICE) values ('HBSH001','baltimor 이탈리안 메이드 레더 트레이너','HB001924','SH',245);
Insert into TEAMPROJECT.PRODUCT (P_CODE,P_NAME,B_CODE,C_CODE,PRICE) values ('HBTO001','paddy 레이어드 메탈릭 로고 피케 폴로 셔츠','HB001924','TO',336);
Insert into TEAMPROJECT.PRODUCT (P_CODE,P_NAME,B_CODE,C_CODE,PRICE) values ('HBTO002','paule 슬림핏 스트라이프 슬리브 폴로 셔츠','HB001924','TO',339);
Insert into TEAMPROJECT.PRODUCT (P_CODE,P_NAME,B_CODE,C_CODE,PRICE) values ('HEAC001','PANI LA SHAR PAWNEE 리버서블 스카프 90','HE001837','AC',642);
Insert into TEAMPROJECT.PRODUCT (P_CODE,P_NAME,B_CODE,C_CODE,PRICE) values ('HEBA001','BIRKIN BAG 40 BR','HE001837','BA',617);
Insert into TEAMPROJECT.PRODUCT (P_CODE,P_NAME,B_CODE,C_CODE,PRICE) values ('HEBA002','ROULIS 미니 백','HE001837','BA',103);
Insert into TEAMPROJECT.PRODUCT (P_CODE,P_NAME,B_CODE,C_CODE,PRICE) values ('HEBO001','Brandenourge encardre 플리츠 스커트','HE001837','BO',722);
Insert into TEAMPROJECT.PRODUCT (P_CODE,P_NAME,B_CODE,C_CODE,PRICE) values ('HETO001','Brandenourge encardre 클래식 크롭 셔츠','HE001837','TO',724);
Insert into TEAMPROJECT.PRODUCT (P_CODE,P_NAME,B_CODE,C_CODE,PRICE) values ('LVAC001','썸머 윈터 방도','LV001854','AC',646);
Insert into TEAMPROJECT.PRODUCT (P_CODE,P_NAME,B_CODE,C_CODE,PRICE) values ('LVBA001','호라이즌 소프트 55 더플','LV001854','BA',223);
Insert into TEAMPROJECT.PRODUCT (P_CODE,P_NAME,B_CODE,C_CODE,PRICE) values ('LVBA002','멀티포쉐트악세수아','LV001854','BA',486);
Insert into TEAMPROJECT.PRODUCT (P_CODE,P_NAME,B_CODE,C_CODE,PRICE) values ('LVTO001','빅토리안 인스파이어드 플로럴 블라우스 위드 레이스 디테일','LV001854','TO',483);
Insert into TEAMPROJECT.PRODUCT (P_CODE,P_NAME,B_CODE,C_CODE,PRICE) values ('LVBO001','스트레치 데님 미니 쇼츠','LV001854','BO',615);
Insert into TEAMPROJECT.PRODUCT (P_CODE,P_NAME,B_CODE,C_CODE,PRICE) values ('MBAC001','1858 지오스피어','MB001909','AC',865);
Insert into TEAMPROJECT.PRODUCT (P_CODE,P_NAME,B_CODE,C_CODE,PRICE) values ('MBAC002','헤리티지 모노푸셔 크로노그래프','MB001909','AC',410);
Insert into TEAMPROJECT.PRODUCT (P_CODE,P_NAME,B_CODE,C_CODE,PRICE) values ('MBAC003','마이스터스튁 르 쁘띠 프린스 두에 클래식','MB001909','AC',311);
Insert into TEAMPROJECT.PRODUCT (P_CODE,P_NAME,B_CODE,C_CODE,PRICE) values ('MBBA001','마이스터스튁 어반 싱글 거셋 브리프 케이스','MB001909','BA',662);
Insert into TEAMPROJECT.PRODUCT (P_CODE,P_NAME,B_CODE,C_CODE,PRICE) values ('MBBA002','마이 몽블랑 나이트플라이트 플랩 백팩 미디움','MB001909','BA',538);
Insert into TEAMPROJECT.PRODUCT (P_CODE,P_NAME,B_CODE,C_CODE,PRICE) values ('MBBA003','5AC 마이크로 버킷 백','MM001988','BA',768);
Insert into TEAMPROJECT.PRODUCT (P_CODE,P_NAME,B_CODE,C_CODE,PRICE) values ('MMBO001','슬래시 디테일 데님 진','MM001988','BO',210);
Insert into TEAMPROJECT.PRODUCT (P_CODE,P_NAME,B_CODE,C_CODE,PRICE) values ('MMOU001','펀치 홀 트렌치 코트','MM001988','OU',697);
Insert into TEAMPROJECT.PRODUCT (P_CODE,P_NAME,B_CODE,C_CODE,PRICE) values ('MMSH001','Tabi 가죽 로퍼','MM001988','SH',689);
Insert into TEAMPROJECT.PRODUCT (P_CODE,P_NAME,B_CODE,C_CODE,PRICE) values ('MMTO001','프렌치 커프스 포플린 셔츠','MM001988','TO',643);
Insert into TEAMPROJECT.PRODUCT (P_CODE,P_NAME,B_CODE,C_CODE,PRICE) values ('PRTO001','프린트 코튼 포플린 셔츠','PR001913','TO',682);
Insert into TEAMPROJECT.PRODUCT (P_CODE,P_NAME,B_CODE,C_CODE,PRICE) values ('PRBA001','플라쥬 위커 캔버스 스몰 버킷백','PR001913','BA',150);
Insert into TEAMPROJECT.PRODUCT (P_CODE,P_NAME,B_CODE,C_CODE,PRICE) values ('PRBA002','프라다 리에디션 나일론 호보백','PR001913','BA',851);
Insert into TEAMPROJECT.PRODUCT (P_CODE,P_NAME,B_CODE,C_CODE,PRICE) values ('PROU001','코튼 포플린 카방','PR001913','OU',283);
Insert into TEAMPROJECT.PRODUCT (P_CODE,P_NAME,B_CODE,C_CODE,PRICE) values ('PRSH001','클라우드버스트 썬더','PR001913','SH',867);
Insert into TEAMPROJECT.PRODUCT (P_CODE,P_NAME,B_CODE,C_CODE,PRICE) values ('ROAC001','Submariner Date','RO001905','AC',292);
Insert into TEAMPROJECT.PRODUCT (P_CODE,P_NAME,B_CODE,C_CODE,PRICE) values ('ROAC002','Cosmograph Daytona','RO001905','AC',140);
Insert into TEAMPROJECT.PRODUCT (P_CODE,P_NAME,B_CODE,C_CODE,PRICE) values ('ROAC003','Air-King','RO001905','AC',361);
Insert into TEAMPROJECT.PRODUCT (P_CODE,P_NAME,B_CODE,C_CODE,PRICE) values ('ROAC004','Sea-Dweller','RO001905','AC',994);
Insert into TEAMPROJECT.PRODUCT (P_CODE,P_NAME,B_CODE,C_CODE,PRICE) values ('ROAC005','Explorer II','RO001905','AC',471);
Insert into TEAMPROJECT.PRODUCT (P_CODE,P_NAME,B_CODE,C_CODE,PRICE) values ('STOU001','SKIN TOUCH NYLON TC PACKABLE','ST001982','OU',953);
Insert into TEAMPROJECT.PRODUCT (P_CODE,P_NAME,B_CODE,C_CODE,PRICE) values ('STOU002','MEMBRANA 3L WITH DUST COLOUR FINISH','ST001982','OU',623);
Insert into TEAMPROJECT.PRODUCT (P_CODE,P_NAME,B_CODE,C_CODE,PRICE) values ('STTO001','SEERSUCKER CO TC','ST001982','TO',496);
Insert into TEAMPROJECT.PRODUCT (P_CODE,P_NAME,B_CODE,C_CODE,PRICE) values ('STTO002','FISSATO DYE','ST001982','TO',645);
Insert into TEAMPROJECT.PRODUCT (P_CODE,P_NAME,B_CODE,C_CODE,PRICE) values ('STTO003','DRONE SIX','ST001982','TO',611);
Insert into TEAMPROJECT.PRODUCT (P_CODE,P_NAME,B_CODE,C_CODE,PRICE) values ('SWAC001','TROPICAL LEAF 펜던트 라이트 멀티 골드톤 플래팅','SW001895','AC',830);
Insert into TEAMPROJECT.PRODUCT (P_CODE,P_NAME,B_CODE,C_CODE,PRICE) values ('SWAC002','SUNSHINE 펜던트','SW001895','AC',403);
Insert into TEAMPROJECT.PRODUCT (P_CODE,P_NAME,B_CODE,C_CODE,PRICE) values ('SWAC003','ETERNAL FLOWER 브로치','SW001895','AC',644);
Insert into TEAMPROJECT.PRODUCT (P_CODE,P_NAME,B_CODE,C_CODE,PRICE) values ('SWAC004','TROPICAL LEAF 이어링','SW001895','AC',198);
Insert into TEAMPROJECT.PRODUCT (P_CODE,P_NAME,B_CODE,C_CODE,PRICE) values ('SWAC005','TROPICAL PARROT 이어링','SW001895','AC',989);
Insert into TEAMPROJECT.PRODUCT (P_CODE,P_NAME,B_CODE,C_CODE,PRICE) values ('VAAC001','빈티지 알함브라 네크리스','VA001896','AC',663);
Insert into TEAMPROJECT.PRODUCT (P_CODE,P_NAME,B_CODE,C_CODE,PRICE) values ('VAAC002','빈티지 알함브라 이어링','VA001896','AC',818);
Insert into TEAMPROJECT.PRODUCT (P_CODE,P_NAME,B_CODE,C_CODE,PRICE) values ('VAAC003','매직 알함브라 브레이슬릿','VA001896','AC',861);
Insert into TEAMPROJECT.PRODUCT (P_CODE,P_NAME,B_CODE,C_CODE,PRICE) values ('VAAC004','빈티지 알함브라 펜던트','VA001896','AC',160);
Insert into TEAMPROJECT.PRODUCT (P_CODE,P_NAME,B_CODE,C_CODE,PRICE) values ('VAAC005','뻬를리 클로버 브레이슬릿','VA001896','AC',226);
Insert into TEAMPROJECT.PRODUCT (P_CODE,P_NAME,B_CODE,C_CODE,PRICE) values ('YSBA001','삭 드 주르 소프트 72H 더플 백','YS001961','BA',1000);
Insert into TEAMPROJECT.PRODUCT (P_CODE,P_NAME,B_CODE,C_CODE,PRICE) values ('YSBO001','하이 라이즈 스트레이트 컷 진','YS001961','BO',778);
Insert into TEAMPROJECT.PRODUCT (P_CODE,P_NAME,B_CODE,C_CODE,PRICE) values ('YSOU001','더블 브레스트 쇼트 테일러드 재킷','YS001961','OU',415);
Insert into TEAMPROJECT.PRODUCT (P_CODE,P_NAME,B_CODE,C_CODE,PRICE) values ('YSSH001','아나이스 보우 펌프스','YS001961','SH',999);
Insert into TEAMPROJECT.PRODUCT (P_CODE,P_NAME,B_CODE,C_CODE,PRICE) values ('YSTO001','라발리에르 넥 셔츠','YS001961','TO',103);
--------------------------------------------------------
--  DDL for Index AREACODE_NAME_PK
--------------------------------------------------------

  CREATE UNIQUE INDEX "TEAMPROJECT"."AREACODE_NAME_PK" ON "TEAMPROJECT"."AREA_CODE" ("A_NAME") 
  PCTFREE 10 INITRANS 2 MAXTRANS 255 COMPUTE STATISTICS 
  STORAGE(INITIAL 65536 NEXT 1048576 MINEXTENTS 1 MAXEXTENTS 2147483645
  PCTINCREASE 0 FREELISTS 1 FREELIST GROUPS 1 BUFFER_POOL DEFAULT FLASH_CACHE DEFAULT CELL_FLASH_CACHE DEFAULT)
  TABLESPACE "SYSTEM" ;
--------------------------------------------------------
--  DDL for Index BRAND_CODE_PK
--------------------------------------------------------

  CREATE UNIQUE INDEX "TEAMPROJECT"."BRAND_CODE_PK" ON "TEAMPROJECT"."BRAND" ("B_CODE") 
  PCTFREE 10 INITRANS 2 MAXTRANS 255 COMPUTE STATISTICS 
  STORAGE(INITIAL 65536 NEXT 1048576 MINEXTENTS 1 MAXEXTENTS 2147483645
  PCTINCREASE 0 FREELISTS 1 FREELIST GROUPS 1 BUFFER_POOL DEFAULT FLASH_CACHE DEFAULT CELL_FLASH_CACHE DEFAULT)
  TABLESPACE "SYSTEM" ;
--------------------------------------------------------
--  DDL for Index BRAND_NAME_UNQ
--------------------------------------------------------

  CREATE UNIQUE INDEX "TEAMPROJECT"."BRAND_NAME_UNQ" ON "TEAMPROJECT"."BRAND" ("B_NAME") 
  PCTFREE 10 INITRANS 2 MAXTRANS 255 COMPUTE STATISTICS 
  STORAGE(INITIAL 65536 NEXT 1048576 MINEXTENTS 1 MAXEXTENTS 2147483645
  PCTINCREASE 0 FREELISTS 1 FREELIST GROUPS 1 BUFFER_POOL DEFAULT FLASH_CACHE DEFAULT CELL_FLASH_CACHE DEFAULT)
  TABLESPACE "SYSTEM" ;
--------------------------------------------------------
--  DDL for Index CATEGORY_CODE_PK
--------------------------------------------------------

  CREATE UNIQUE INDEX "TEAMPROJECT"."CATEGORY_CODE_PK" ON "TEAMPROJECT"."CATEGORY" ("C_CODE") 
  PCTFREE 10 INITRANS 2 MAXTRANS 255 COMPUTE STATISTICS 
  STORAGE(INITIAL 65536 NEXT 1048576 MINEXTENTS 1 MAXEXTENTS 2147483645
  PCTINCREASE 0 FREELISTS 1 FREELIST GROUPS 1 BUFFER_POOL DEFAULT FLASH_CACHE DEFAULT CELL_FLASH_CACHE DEFAULT)
  TABLESPACE "SYSTEM" ;
--------------------------------------------------------
--  DDL for Index CUSTOMER_ID_PK
--------------------------------------------------------

  CREATE UNIQUE INDEX "TEAMPROJECT"."CUSTOMER_ID_PK" ON "TEAMPROJECT"."CUSTOMER" ("ID") 
  PCTFREE 10 INITRANS 2 MAXTRANS 255 COMPUTE STATISTICS 
  STORAGE(INITIAL 65536 NEXT 1048576 MINEXTENTS 1 MAXEXTENTS 2147483645
  PCTINCREASE 0 FREELISTS 1 FREELIST GROUPS 1 BUFFER_POOL DEFAULT FLASH_CACHE DEFAULT CELL_FLASH_CACHE DEFAULT)
  TABLESPACE "SYSTEM" ;
--------------------------------------------------------
--  DDL for Index DELIVERY_NAME_PK
--------------------------------------------------------

  CREATE UNIQUE INDEX "TEAMPROJECT"."DELIVERY_NAME_PK" ON "TEAMPROJECT"."DELIVERY" ("D_NAME") 
  PCTFREE 10 INITRANS 2 MAXTRANS 255 COMPUTE STATISTICS 
  STORAGE(INITIAL 65536 NEXT 1048576 MINEXTENTS 1 MAXEXTENTS 2147483645
  PCTINCREASE 0 FREELISTS 1 FREELIST GROUPS 1 BUFFER_POOL DEFAULT FLASH_CACHE DEFAULT CELL_FLASH_CACHE DEFAULT)
  TABLESPACE "SYSTEM" ;
--------------------------------------------------------
--  DDL for Index DELIVERY_AREA_UNQ
--------------------------------------------------------

  CREATE UNIQUE INDEX "TEAMPROJECT"."DELIVERY_AREA_UNQ" ON "TEAMPROJECT"."DELIVERY" ("D_AREA") 
  PCTFREE 10 INITRANS 2 MAXTRANS 255 COMPUTE STATISTICS 
  STORAGE(INITIAL 65536 NEXT 1048576 MINEXTENTS 1 MAXEXTENTS 2147483645
  PCTINCREASE 0 FREELISTS 1 FREELIST GROUPS 1 BUFFER_POOL DEFAULT FLASH_CACHE DEFAULT CELL_FLASH_CACHE DEFAULT)
  TABLESPACE "SYSTEM" ;
--------------------------------------------------------
--  DDL for Index GRADE_PK
--------------------------------------------------------

  CREATE UNIQUE INDEX "TEAMPROJECT"."GRADE_PK" ON "TEAMPROJECT"."GRADE" ("GRADE") 
  PCTFREE 10 INITRANS 2 MAXTRANS 255 COMPUTE STATISTICS 
  STORAGE(INITIAL 65536 NEXT 1048576 MINEXTENTS 1 MAXEXTENTS 2147483645
  PCTINCREASE 0 FREELISTS 1 FREELIST GROUPS 1 BUFFER_POOL DEFAULT FLASH_CACHE DEFAULT CELL_FLASH_CACHE DEFAULT)
  TABLESPACE "SYSTEM" ;
--------------------------------------------------------
--  DDL for Index INVEN_NO_PK
--------------------------------------------------------

  CREATE UNIQUE INDEX "TEAMPROJECT"."INVEN_NO_PK" ON "TEAMPROJECT"."INVEN" ("IN_NO") 
  PCTFREE 10 INITRANS 2 MAXTRANS 255 COMPUTE STATISTICS 
  STORAGE(INITIAL 65536 NEXT 1048576 MINEXTENTS 1 MAXEXTENTS 2147483645
  PCTINCREASE 0 FREELISTS 1 FREELIST GROUPS 1 BUFFER_POOL DEFAULT FLASH_CACHE DEFAULT CELL_FLASH_CACHE DEFAULT)
  TABLESPACE "SYSTEM" ;
--------------------------------------------------------
--  DDL for Index ORDERDETAIL_ID_PK
--------------------------------------------------------

  CREATE UNIQUE INDEX "TEAMPROJECT"."ORDERDETAIL_ID_PK" ON "TEAMPROJECT"."ORDER_DETAIL" ("ORDER_DETAIL_ID") 
  PCTFREE 10 INITRANS 2 MAXTRANS 255 COMPUTE STATISTICS 
  STORAGE(INITIAL 65536 NEXT 1048576 MINEXTENTS 1 MAXEXTENTS 2147483645
  PCTINCREASE 0 FREELISTS 1 FREELIST GROUPS 1 BUFFER_POOL DEFAULT FLASH_CACHE DEFAULT CELL_FLASH_CACHE DEFAULT)
  TABLESPACE "SYSTEM" ;
--------------------------------------------------------
--  DDL for Index ORDERLIST_ORDERNO_PK
--------------------------------------------------------

  CREATE UNIQUE INDEX "TEAMPROJECT"."ORDERLIST_ORDERNO_PK" ON "TEAMPROJECT"."ORDERLIST" ("ORDER_NO") 
  PCTFREE 10 INITRANS 2 MAXTRANS 255 COMPUTE STATISTICS 
  STORAGE(INITIAL 65536 NEXT 1048576 MINEXTENTS 1 MAXEXTENTS 2147483645
  PCTINCREASE 0 FREELISTS 1 FREELIST GROUPS 1 BUFFER_POOL DEFAULT FLASH_CACHE DEFAULT CELL_FLASH_CACHE DEFAULT)
  TABLESPACE "SYSTEM" ;
--------------------------------------------------------
--  DDL for Index PRODUCT_PCODE_PK
--------------------------------------------------------

  CREATE UNIQUE INDEX "TEAMPROJECT"."PRODUCT_PCODE_PK" ON "TEAMPROJECT"."PRODUCT" ("P_CODE") 
  PCTFREE 10 INITRANS 2 MAXTRANS 255 COMPUTE STATISTICS 
  STORAGE(INITIAL 65536 NEXT 1048576 MINEXTENTS 1 MAXEXTENTS 2147483645
  PCTINCREASE 0 FREELISTS 1 FREELIST GROUPS 1 BUFFER_POOL DEFAULT FLASH_CACHE DEFAULT CELL_FLASH_CACHE DEFAULT)
  TABLESPACE "SYSTEM" ;
--------------------------------------------------------
--  DDL for Index PRODUCT_PNAME_UNQ
--------------------------------------------------------

  CREATE UNIQUE INDEX "TEAMPROJECT"."PRODUCT_PNAME_UNQ" ON "TEAMPROJECT"."PRODUCT" ("P_NAME") 
  PCTFREE 10 INITRANS 2 MAXTRANS 255 COMPUTE STATISTICS 
  STORAGE(INITIAL 65536 NEXT 1048576 MINEXTENTS 1 MAXEXTENTS 2147483645
  PCTINCREASE 0 FREELISTS 1 FREELIST GROUPS 1 BUFFER_POOL DEFAULT FLASH_CACHE DEFAULT CELL_FLASH_CACHE DEFAULT)
  TABLESPACE "SYSTEM" ;
--------------------------------------------------------
--  Constraints for Table AREA_CODE
--------------------------------------------------------

  ALTER TABLE "TEAMPROJECT"."AREA_CODE" ADD CONSTRAINT "AREACODE_NAME_PK" PRIMARY KEY ("A_NAME")
  USING INDEX PCTFREE 10 INITRANS 2 MAXTRANS 255 COMPUTE STATISTICS 
  STORAGE(INITIAL 65536 NEXT 1048576 MINEXTENTS 1 MAXEXTENTS 2147483645
  PCTINCREASE 0 FREELISTS 1 FREELIST GROUPS 1 BUFFER_POOL DEFAULT FLASH_CACHE DEFAULT CELL_FLASH_CACHE DEFAULT)
  TABLESPACE "SYSTEM"  ENABLE;
  ALTER TABLE "TEAMPROJECT"."AREA_CODE" MODIFY ("A_CODE" NOT NULL ENABLE);
  ALTER TABLE "TEAMPROJECT"."AREA_CODE" MODIFY ("A_NAME" NOT NULL ENABLE);
--------------------------------------------------------
--  Constraints for Table BRAND
--------------------------------------------------------

  ALTER TABLE "TEAMPROJECT"."BRAND" ADD CONSTRAINT "BRAND_NAME_UNQ" UNIQUE ("B_NAME")
  USING INDEX PCTFREE 10 INITRANS 2 MAXTRANS 255 COMPUTE STATISTICS 
  STORAGE(INITIAL 65536 NEXT 1048576 MINEXTENTS 1 MAXEXTENTS 2147483645
  PCTINCREASE 0 FREELISTS 1 FREELIST GROUPS 1 BUFFER_POOL DEFAULT FLASH_CACHE DEFAULT CELL_FLASH_CACHE DEFAULT)
  TABLESPACE "SYSTEM"  ENABLE;
  ALTER TABLE "TEAMPROJECT"."BRAND" ADD CONSTRAINT "BRAND_CODE_PK" PRIMARY KEY ("B_CODE")
  USING INDEX PCTFREE 10 INITRANS 2 MAXTRANS 255 COMPUTE STATISTICS 
  STORAGE(INITIAL 65536 NEXT 1048576 MINEXTENTS 1 MAXEXTENTS 2147483645
  PCTINCREASE 0 FREELISTS 1 FREELIST GROUPS 1 BUFFER_POOL DEFAULT FLASH_CACHE DEFAULT CELL_FLASH_CACHE DEFAULT)
  TABLESPACE "SYSTEM"  ENABLE;
  ALTER TABLE "TEAMPROJECT"."BRAND" MODIFY ("B_NAME" NOT NULL ENABLE);
  ALTER TABLE "TEAMPROJECT"."BRAND" MODIFY ("B_CODE" NOT NULL ENABLE);
--------------------------------------------------------
--  Constraints for Table CATEGORY
--------------------------------------------------------

  ALTER TABLE "TEAMPROJECT"."CATEGORY" ADD CONSTRAINT "CATEGORY_CODE_PK" PRIMARY KEY ("C_CODE")
  USING INDEX PCTFREE 10 INITRANS 2 MAXTRANS 255 COMPUTE STATISTICS 
  STORAGE(INITIAL 65536 NEXT 1048576 MINEXTENTS 1 MAXEXTENTS 2147483645
  PCTINCREASE 0 FREELISTS 1 FREELIST GROUPS 1 BUFFER_POOL DEFAULT FLASH_CACHE DEFAULT CELL_FLASH_CACHE DEFAULT)
  TABLESPACE "SYSTEM"  ENABLE;
--------------------------------------------------------
--  Constraints for Table CUSTOMER
--------------------------------------------------------

  ALTER TABLE "TEAMPROJECT"."CUSTOMER" ADD CONSTRAINT "CUSTOMER_SEX_CK" CHECK (sex IN ('M', 'F')) ENABLE;
  ALTER TABLE "TEAMPROJECT"."CUSTOMER" ADD CONSTRAINT "CUSTOMER_PW_CK" CHECK (LENGTH(pw) <= 10) ENABLE;
  ALTER TABLE "TEAMPROJECT"."CUSTOMER" ADD CONSTRAINT "CUSTOMER_ID_PK" PRIMARY KEY ("ID")
  USING INDEX PCTFREE 10 INITRANS 2 MAXTRANS 255 COMPUTE STATISTICS 
  STORAGE(INITIAL 65536 NEXT 1048576 MINEXTENTS 1 MAXEXTENTS 2147483645
  PCTINCREASE 0 FREELISTS 1 FREELIST GROUPS 1 BUFFER_POOL DEFAULT FLASH_CACHE DEFAULT CELL_FLASH_CACHE DEFAULT)
  TABLESPACE "SYSTEM"  ENABLE;
  ALTER TABLE "TEAMPROJECT"."CUSTOMER" MODIFY ("GRADE" NOT NULL ENABLE);
  ALTER TABLE "TEAMPROJECT"."CUSTOMER" MODIFY ("POINT" NOT NULL ENABLE);
  ALTER TABLE "TEAMPROJECT"."CUSTOMER" MODIFY ("TEL" NOT NULL ENABLE);
  ALTER TABLE "TEAMPROJECT"."CUSTOMER" MODIFY ("ADDRESS" NOT NULL ENABLE);
  ALTER TABLE "TEAMPROJECT"."CUSTOMER" MODIFY ("SEX" NOT NULL ENABLE);
  ALTER TABLE "TEAMPROJECT"."CUSTOMER" MODIFY ("BIRTHDAY" NOT NULL ENABLE);
  ALTER TABLE "TEAMPROJECT"."CUSTOMER" MODIFY ("NAME" NOT NULL ENABLE);
  ALTER TABLE "TEAMPROJECT"."CUSTOMER" MODIFY ("PW" NOT NULL ENABLE);
  ALTER TABLE "TEAMPROJECT"."CUSTOMER" MODIFY ("ID" NOT NULL ENABLE);
--------------------------------------------------------
--  Constraints for Table DELIVERY
--------------------------------------------------------

  ALTER TABLE "TEAMPROJECT"."DELIVERY" ADD CONSTRAINT "DELIVERY_AREA_UNQ" UNIQUE ("D_AREA")
  USING INDEX PCTFREE 10 INITRANS 2 MAXTRANS 255 COMPUTE STATISTICS 
  STORAGE(INITIAL 65536 NEXT 1048576 MINEXTENTS 1 MAXEXTENTS 2147483645
  PCTINCREASE 0 FREELISTS 1 FREELIST GROUPS 1 BUFFER_POOL DEFAULT FLASH_CACHE DEFAULT CELL_FLASH_CACHE DEFAULT)
  TABLESPACE "SYSTEM"  ENABLE;
  ALTER TABLE "TEAMPROJECT"."DELIVERY" ADD CONSTRAINT "DELIVERY_NAME_PK" PRIMARY KEY ("D_NAME")
  USING INDEX PCTFREE 10 INITRANS 2 MAXTRANS 255 COMPUTE STATISTICS 
  STORAGE(INITIAL 65536 NEXT 1048576 MINEXTENTS 1 MAXEXTENTS 2147483645
  PCTINCREASE 0 FREELISTS 1 FREELIST GROUPS 1 BUFFER_POOL DEFAULT FLASH_CACHE DEFAULT CELL_FLASH_CACHE DEFAULT)
  TABLESPACE "SYSTEM"  ENABLE;
  ALTER TABLE "TEAMPROJECT"."DELIVERY" MODIFY ("D_FEE" NOT NULL ENABLE);
  ALTER TABLE "TEAMPROJECT"."DELIVERY" MODIFY ("D_AREA" NOT NULL ENABLE);
  ALTER TABLE "TEAMPROJECT"."DELIVERY" MODIFY ("D_ADDRESS" NOT NULL ENABLE);
  ALTER TABLE "TEAMPROJECT"."DELIVERY" MODIFY ("D_TEL" NOT NULL ENABLE);
  ALTER TABLE "TEAMPROJECT"."DELIVERY" MODIFY ("D_NAME" NOT NULL ENABLE);
--------------------------------------------------------
--  Constraints for Table GRADE
--------------------------------------------------------

  ALTER TABLE "TEAMPROJECT"."GRADE" ADD CONSTRAINT "GRADE_PK" PRIMARY KEY ("GRADE")
  USING INDEX PCTFREE 10 INITRANS 2 MAXTRANS 255 COMPUTE STATISTICS 
  STORAGE(INITIAL 65536 NEXT 1048576 MINEXTENTS 1 MAXEXTENTS 2147483645
  PCTINCREASE 0 FREELISTS 1 FREELIST GROUPS 1 BUFFER_POOL DEFAULT FLASH_CACHE DEFAULT CELL_FLASH_CACHE DEFAULT)
  TABLESPACE "SYSTEM"  ENABLE;
  ALTER TABLE "TEAMPROJECT"."GRADE" MODIFY ("MIN_POINT" NOT NULL ENABLE);
  ALTER TABLE "TEAMPROJECT"."GRADE" MODIFY ("GRADE" NOT NULL ENABLE);
--------------------------------------------------------
--  Constraints for Table INVEN
--------------------------------------------------------

  ALTER TABLE "TEAMPROJECT"."INVEN" ADD CONSTRAINT "INVEN_NO_PK" PRIMARY KEY ("IN_NO")
  USING INDEX PCTFREE 10 INITRANS 2 MAXTRANS 255 COMPUTE STATISTICS 
  STORAGE(INITIAL 65536 NEXT 1048576 MINEXTENTS 1 MAXEXTENTS 2147483645
  PCTINCREASE 0 FREELISTS 1 FREELIST GROUPS 1 BUFFER_POOL DEFAULT FLASH_CACHE DEFAULT CELL_FLASH_CACHE DEFAULT)
  TABLESPACE "SYSTEM"  ENABLE;
  ALTER TABLE "TEAMPROJECT"."INVEN" MODIFY ("STATE" NOT NULL ENABLE);
  ALTER TABLE "TEAMPROJECT"."INVEN" MODIFY ("IN_DATE" NOT NULL ENABLE);
  ALTER TABLE "TEAMPROJECT"."INVEN" MODIFY ("IN_QTY" NOT NULL ENABLE);
  ALTER TABLE "TEAMPROJECT"."INVEN" MODIFY ("IN_PRICE" NOT NULL ENABLE);
  ALTER TABLE "TEAMPROJECT"."INVEN" MODIFY ("IN_LOC" NOT NULL ENABLE);
  ALTER TABLE "TEAMPROJECT"."INVEN" MODIFY ("IN_PCODE" NOT NULL ENABLE);
  ALTER TABLE "TEAMPROJECT"."INVEN" MODIFY ("IN_BRAND" NOT NULL ENABLE);
  ALTER TABLE "TEAMPROJECT"."INVEN" MODIFY ("IN_NO" NOT NULL ENABLE);
--------------------------------------------------------
--  Constraints for Table ORDER_DETAIL
--------------------------------------------------------

  ALTER TABLE "TEAMPROJECT"."ORDER_DETAIL" ADD CONSTRAINT "ORDERDETAIL_ID_PK" PRIMARY KEY ("ORDER_DETAIL_ID")
  USING INDEX PCTFREE 10 INITRANS 2 MAXTRANS 255 COMPUTE STATISTICS 
  STORAGE(INITIAL 65536 NEXT 1048576 MINEXTENTS 1 MAXEXTENTS 2147483645
  PCTINCREASE 0 FREELISTS 1 FREELIST GROUPS 1 BUFFER_POOL DEFAULT FLASH_CACHE DEFAULT CELL_FLASH_CACHE DEFAULT)
  TABLESPACE "SYSTEM"  ENABLE;
  ALTER TABLE "TEAMPROJECT"."ORDER_DETAIL" MODIFY ("ORDER_SUBTOTAL" NOT NULL ENABLE);
  ALTER TABLE "TEAMPROJECT"."ORDER_DETAIL" MODIFY ("ORDER_QTY" NOT NULL ENABLE);
  ALTER TABLE "TEAMPROJECT"."ORDER_DETAIL" MODIFY ("PRICE" NOT NULL ENABLE);
  ALTER TABLE "TEAMPROJECT"."ORDER_DETAIL" MODIFY ("P_NAME" NOT NULL ENABLE);
  ALTER TABLE "TEAMPROJECT"."ORDER_DETAIL" MODIFY ("ORDER_NO" NOT NULL ENABLE);
  ALTER TABLE "TEAMPROJECT"."ORDER_DETAIL" MODIFY ("ORDER_DETAIL_ID" NOT NULL ENABLE);
--------------------------------------------------------
--  Constraints for Table ORDERLIST
--------------------------------------------------------

  ALTER TABLE "TEAMPROJECT"."ORDERLIST" ADD CONSTRAINT "ORDERLIST_PAYMENT_CK" CHECK (payment IN ('무통장입금', '카드', '상품권', '계좌이체', '전자결제')) ENABLE;
  ALTER TABLE "TEAMPROJECT"."ORDERLIST" ADD CONSTRAINT "ORDERLIST_ORDERNO_PK" PRIMARY KEY ("ORDER_NO")
  USING INDEX PCTFREE 10 INITRANS 2 MAXTRANS 255 COMPUTE STATISTICS 
  STORAGE(INITIAL 65536 NEXT 1048576 MINEXTENTS 1 MAXEXTENTS 2147483645
  PCTINCREASE 0 FREELISTS 1 FREELIST GROUPS 1 BUFFER_POOL DEFAULT FLASH_CACHE DEFAULT CELL_FLASH_CACHE DEFAULT)
  TABLESPACE "SYSTEM"  ENABLE;
  ALTER TABLE "TEAMPROJECT"."ORDERLIST" MODIFY ("D_NAME" NOT NULL ENABLE);
  ALTER TABLE "TEAMPROJECT"."ORDERLIST" MODIFY ("PAYMENT" NOT NULL ENABLE);
  ALTER TABLE "TEAMPROJECT"."ORDERLIST" MODIFY ("ORDER_TOTAL" NOT NULL ENABLE);
  ALTER TABLE "TEAMPROJECT"."ORDERLIST" MODIFY ("ORDER_DATE" NOT NULL ENABLE);
  ALTER TABLE "TEAMPROJECT"."ORDERLIST" MODIFY ("ID" NOT NULL ENABLE);
  ALTER TABLE "TEAMPROJECT"."ORDERLIST" MODIFY ("ORDER_NO" NOT NULL ENABLE);
--------------------------------------------------------
--  Constraints for Table PRODUCT
--------------------------------------------------------

  ALTER TABLE "TEAMPROJECT"."PRODUCT" ADD CONSTRAINT "PRODUCT_PNAME_UNQ" UNIQUE ("P_NAME")
  USING INDEX PCTFREE 10 INITRANS 2 MAXTRANS 255 COMPUTE STATISTICS 
  STORAGE(INITIAL 65536 NEXT 1048576 MINEXTENTS 1 MAXEXTENTS 2147483645
  PCTINCREASE 0 FREELISTS 1 FREELIST GROUPS 1 BUFFER_POOL DEFAULT FLASH_CACHE DEFAULT CELL_FLASH_CACHE DEFAULT)
  TABLESPACE "SYSTEM"  ENABLE;
  ALTER TABLE "TEAMPROJECT"."PRODUCT" MODIFY ("PRICE" NOT NULL ENABLE);
  ALTER TABLE "TEAMPROJECT"."PRODUCT" MODIFY ("C_CODE" NOT NULL ENABLE);
  ALTER TABLE "TEAMPROJECT"."PRODUCT" MODIFY ("B_CODE" NOT NULL ENABLE);
  ALTER TABLE "TEAMPROJECT"."PRODUCT" MODIFY ("P_NAME" NOT NULL ENABLE);
  ALTER TABLE "TEAMPROJECT"."PRODUCT" ADD CONSTRAINT "PRODUCT_PCODE_PK" PRIMARY KEY ("P_CODE")
  USING INDEX PCTFREE 10 INITRANS 2 MAXTRANS 255 COMPUTE STATISTICS 
  STORAGE(INITIAL 65536 NEXT 1048576 MINEXTENTS 1 MAXEXTENTS 2147483645
  PCTINCREASE 0 FREELISTS 1 FREELIST GROUPS 1 BUFFER_POOL DEFAULT FLASH_CACHE DEFAULT CELL_FLASH_CACHE DEFAULT)
  TABLESPACE "SYSTEM"  ENABLE;
--------------------------------------------------------
--  Ref Constraints for Table AREA_CODE
--------------------------------------------------------

  ALTER TABLE "TEAMPROJECT"."AREA_CODE" ADD CONSTRAINT "AREA_CODE_FK" FOREIGN KEY ("A_CODE")
	  REFERENCES "TEAMPROJECT"."DELIVERY" ("D_AREA") ENABLE;
--------------------------------------------------------
--  Ref Constraints for Table CUSTOMER
--------------------------------------------------------

  ALTER TABLE "TEAMPROJECT"."CUSTOMER" ADD CONSTRAINT "CUSTOMER_GRADE_FK" FOREIGN KEY ("GRADE")
	  REFERENCES "TEAMPROJECT"."GRADE" ("GRADE") ENABLE;
--------------------------------------------------------
--  Ref Constraints for Table INVEN
--------------------------------------------------------

  ALTER TABLE "TEAMPROJECT"."INVEN" ADD CONSTRAINT "INVEN_BRAND_FK" FOREIGN KEY ("IN_BRAND")
	  REFERENCES "TEAMPROJECT"."BRAND" ("B_NAME") ENABLE;
  ALTER TABLE "TEAMPROJECT"."INVEN" ADD CONSTRAINT "INVEN_PCODE_FK" FOREIGN KEY ("IN_PCODE")
	  REFERENCES "TEAMPROJECT"."PRODUCT" ("P_CODE") ENABLE;
--------------------------------------------------------
--  Ref Constraints for Table ORDER_DETAIL
--------------------------------------------------------

  ALTER TABLE "TEAMPROJECT"."ORDER_DETAIL" ADD CONSTRAINT "ORDERDETAIL_NAME_FK" FOREIGN KEY ("P_NAME")
	  REFERENCES "TEAMPROJECT"."PRODUCT" ("P_NAME") ENABLE;
  ALTER TABLE "TEAMPROJECT"."ORDER_DETAIL" ADD CONSTRAINT "ORDERDETAIL_NO_FK" FOREIGN KEY ("ORDER_NO")
	  REFERENCES "TEAMPROJECT"."ORDERLIST" ("ORDER_NO") ENABLE;
--------------------------------------------------------
--  Ref Constraints for Table ORDERLIST
--------------------------------------------------------

  ALTER TABLE "TEAMPROJECT"."ORDERLIST" ADD CONSTRAINT "ORDERLIST_DNAME_FK" FOREIGN KEY ("D_NAME")
	  REFERENCES "TEAMPROJECT"."DELIVERY" ("D_NAME") ENABLE;
  ALTER TABLE "TEAMPROJECT"."ORDERLIST" ADD CONSTRAINT "ORDERLIST_ID_FK" FOREIGN KEY ("ID")
	  REFERENCES "TEAMPROJECT"."CUSTOMER" ("ID") ENABLE;
--------------------------------------------------------
--  Ref Constraints for Table PRODUCT
--------------------------------------------------------

  ALTER TABLE "TEAMPROJECT"."PRODUCT" ADD CONSTRAINT "PRODUCT_CCODE_FK" FOREIGN KEY ("C_CODE")
	  REFERENCES "TEAMPROJECT"."CATEGORY" ("C_CODE") ENABLE;
  ALTER TABLE "TEAMPROJECT"."PRODUCT" ADD CONSTRAINT "PRODUCT_CODE_FK" FOREIGN KEY ("B_CODE")
	  REFERENCES "TEAMPROJECT"."BRAND" ("B_CODE") ENABLE;
